lineopen,line,road,home,linemass,linepi,linepim,linepib,linedonchess,linecong,linemidweek,linedok,linebihl,linerwp,lineexcel,linegt,linepve,linebetbetter,linetalis,linepugh,lineclean,linehanson,linenfelo,linedwig,lineblitz,lineffw,linestjohn,lineespn,neutral,linepfz,linesag,linesagr,linesagpred,linesaggm,linel1,linel2,linel2to,linejohnson,linecurry,lineash,linel2h,linemoore,linepyth,linepig,lineelo,lineeff,linelog,linekerns,linecoff,lineppg,lineteamrank,linedunk,linedoi,linekam,linenewbury,linecongrove,lineavg,linemedian,linestd,phcover,phwin,lineca
-2.5,-2.5,Pittsburgh,Cleveland,-0.65,-1.7,-1.5,-1.6,-3.3,,,,,,,1,-3.7,0.79,-1.43,1.83,-8.5,,-2.5,3,,-1,,-1.418862701,0,-6.17,-1.46,0.81,-2.21,-1.46,-3.8002,-4.5163,-1.8205,,,1,2.9271,-2.11,-2.1511,,1.889136228,-0.518913597,-11.12982,,,-4.470588235,-2.1,-3.01,3.73,-0.4782,,,-1.500773585,-1.5,2.5214532349,0.5204041366,0.4570263752,-2.5
-4.5,-3.5,Indianapolis,Washington,-1.13,-1.8,-1.7,-2.3,-4.2,,,,,,,1,-1.9,2.89,-10.05,-0.11,-12.5,,-2.5,2.5,,-2,,-1.286490461,0,-2.29,1.94,1.75,1.9,2.04,-1.3522,-2.1271,-3.2711,,,-1,-5.4704,3.09,-2.7086,,5.287324484,-1.374537753,-0.21003,,,-6.764705882,2.8,-1.384,1.69,-4.5949,,,-1.256251806,-1.374537753,3.6689136003,0.5453182628,0.4646489472,-3
10.5,11.5,Tennessee,Baltimore,10.94,12.4,13.3,12,14,,,,,,,8,24.6,5.43,14.46,6.9,25,,11.5,17,,11,,10.408774064,0,9.73,9.92,9.53,10.29,9.98,6.7061,6.2013,8.1696,,,12,-4.5104,13.81,11.4463,,19.289477604,9.4778886699,9.84279,,,14.941176471,12.6,15.841,7.13,13.8635,,,12.056518691,11.4463,4.5674705608,0.5111573589,0.7984920308,11.5
5.5,6.5,New England,Buffalo,5.89,7.3,7.7,7.8,6.8,,,,,,,8,6.2,5.16,0.57,5.27,4,,5,6.5,,6,,5.6454618219,0,3.075,3.59,1.53,3.43,4.35,0.4002,0.761,0.3743,,,5,1.304,5.6,0.9833,,1.747857651,1.1528504638,3.370755,,,-1.176470588,6.2,-1.274,4.07,4.9351,,,4.0177151318,4.9351,2.6825781394,0.4494812264,0.6134450302,6.5
3,3,N.Y. Jets,Chicago,8.61,5,6.3,5.4,7.8,,,,,,,4,17.8,4.75,16.08,7.28,20.5,,3.5,16,,4,,3.2698011233,0,11.635,8.17,6.6,8.93,8.5,16.0901,16.3124,7.1723,,,10,7.9009,10.79,11.3638,,14.211366402,9.619516326,15.09546,,,15.470588235,11.7,15.343,8.83,12.6017,,,10.109987033,8.93,4.6789473572,0.6394122934,0.7578809007,4
2.5,2.5,Jacksonville,Cincinnati,-0.99,0.8,0.01,-0.1,0.5,,,,,,,1,-6.6,1.28,-7.82,-0.8,-18,,2.5,-2.5,,2,,-1.129313595,0,-5.855,2.97,2.96,2.32,3.65,-11.0925,-11.0132,-10.6013,,,-4,-6.279,-3.63,-5.015,,-2.716472246,-3.426433634,-5.499465,,,-10.70588235,0.1,-8.515,-6.47,-0.8248,,,-3.082572783,-1.129313595,5.209609761,0.3903584391,0.4165796397,1.5
3,2.5,Dallas,Houston,3.04,2.8,2.6,3.2,0.7,,,,,,,-2,12.1,-0.31,11.42,0.14,9.5,,2.5,-6.5,,2,,-1.293811965,0,12.52,0.79,-0.84,1.02,0.92,3.1416,3.9296,-2.8044,,,1,14.2542,1.67,9.1683,,-0.452408198,7.3454733411,5.652525,,,10.764705882,1.7,6.097,-3.41,5.7481,,,2.9758836079,2,4.6885992055,0.5095276016,0.5815477411,2.5
1.5,-1,Arizona,N.Y. Giants,0.14,3.2,3.3,2.7,3.4,,,,,,,4,4.2,2.71,4.34,2.91,2,,1,5,,-1,,-1.170074398,0,5.085,6.13,4.13,7.18,6.34,-2.5426,-1.7044,0.5637,,,2,-0.4554,2.9,5.6296,,-4.536017281,5.0882697904,9.03999,,,6.4117647059,5.8,0.554,2.37,0.6974,,,2.691716449,2.91,2.8240936772,0.5748140505,0.5764304215,0
-2.5,-3,LA Rams,Philadelphia,-0.75,-3.1,-3,-4.1,-1,,,,,,,-1,2,1.46,-9.27,0.65,-10,,-2,-6.5,,-2,,-3.815814911,0,-1.21,-0.81,-1.13,-1.66,-0.2,-13.7271,-14.3448,-9.0592,,,-3,-8.329,-2.2,-0.5772,,-2.94670154,-0.027280836,-7.872045,,,-4.941176471,-2.9,-3.754,-2.73,-1.4034,,,-3.304444659,-2.2,3.9394111923,0.4938541751,0.4081906282,-3
-1.5,-4,Green Bay,Tampa Bay,0.49,0.1,-0.5,0.3,-3.3,,,,,,,-2,-2.9,2.2,-1.52,4.64,-5,,-4,5,,-3,,-4.64333533,0,-3.135,-0.96,0.56,-0.4,-2.05,-5.4942,-6.7207,-2.7094,,,4,-5.6979,1.81,0.3978,,6.459861541,1.2303169478,-7,,,-1.647058824,1.8,2.298,2.03,-2.6408,,,-0.584985323,-0.5,3.1670411433,0.5690823775,0.4833787764,-3.5
10.5,11,Miami,Minnesota,11,13.4,14.7,14.9,12.1,,,,,,,13,16.2,7.54,9.63,9.95,11,,12,25,,12,,10.083616422,0,7.73,11.51,12.8,11.29,12.27,9.9167,9.3656,11.4681,,,12,7,16.92,6.7098,,24.16893351,5.6242599414,8.693895,,,7.1764705882,15.1,19.264,7.47,15.2085,,,12.378666075,12,4.4179957501,0.5276685724,0.8054852713,11
-5.5,-4.5,Kansas City,Las Vegas,-2.79,-2.4,-2,-1.9,-7.6,,,,,,,1,-8.1,1.98,-7.85,1.74,-19.5,,-4.5,1,,-4,,-5.523850808,0,-4.77,-3.79,-0.76,-4.6,-4.12,-8.0742,-8.6028,-15.1941,,,-3,-15.628,0.14,-6.6695,,5.6529578,-3.633670911,-8.94363,,,-11.23529412,-3.1,-6.313,-1.37,-7.5116,,,-4.46651691,-4,4.9444214801,0.5006683526,0.3793599209,-4.5
3,2.5,Denver,San Francisco,5.32,4.7,5.4,5.2,2,,,,,,,6,5.4,7.05,3.44,7.14,7,,3,12.5,,2,,7.8607083394,0,0.06,4.88,9,4.34,4.67,14.8242,15.4348,10.831,,,6,15.9953,7.39,1.6305,,14.58820264,2.0514052689,7,,,0.5882352941,5.1,6.998,1.01,7.3612,,,6.0838864104,5.4,3.9861108724,0.5719224248,0.6653547004,3
6.5,7,LA Chargers,Seattle,10.45,11.9,11.7,12.5,5.9,,,,,,,9,24,8.21,16.81,8.16,22.5,,7,20.5,,8,,6.7853887,0,9.165,7.29,13.08,5.65,8.04,7,7,7,,,12,7,14.61,8.9515,,23.420283331,7.5956764675,14.246085,,,11.588235294,9.1,23.332,3.39,12.5229,,,11.3379086,9.1,5.6489820384,0.5851341403,0.7782512669,7
-2.5,-3.5,Detroit,Carolina,-2.65,0.01,-0.8,0.1,-4.1,,,,,,,-0.5,-8,2.35,-0.45,3.03,-10,,-2.5,2,,-3,,-2.975630967,0,-0.68,-1.26,1.51,-1.38,-1.98,8.0205,8.6738,1.7391,,,0.01,7.0933,-1.66,-2.6246,,2.429771534,-1.305586256,4.67184,,,-6.058823529,-1.6,-3.179,-1.03,-6.2041,,,-1.032562704,-1.26,3.7727682001,0.5497645328,0.4709869963,-3
3.5,2.5,Atlanta,New Orleans,2.74,2.2,3.7,2.2,2.6,,,,,,,3,-1.6,3.21,1.47,4.94,0.01,,2.5,12,,2,,3.4452143804,0,-1.085,5.52,11.54,4.2,5.87,-1.9379,-2.5669,-2.3448,,,3,-7,6.16,1.5031,,10.320907772,1.9057330861,-4.485255,,,0.2941176471,5.8,7.883,6.45,4.5892,,,3.3789900874,3,3.6488599251,0.517789282,0.5943476549,2.5
