lineopen,line,road,home,date,week,totmass,totbihl,totexcel,totdonchess,totdokter,totpve,tottalis,totpugh,totclean,totround,totpirate,linemidweek,tothanson,totffw,totrwp,totsag,totstjohn,totbetbetter,totashby,totcurry,totcoffey,totkerns,totnewbury,totavg,totmed,totstd,min,max
37.5,38.5,Pittsburgh,Cleveland,24380,4,41.27,,,40.81554,,40.9,33.7,44.09,38.5,,40.5,,,37,,,,43.17,39,,,,,39.894554,40.65777,3.0174274713,33.7,44.09
45,43.5,Tennessee,Baltimore,24383,4,46.64,,,44.91054,,45.4,44.3,45.32,42,,47,,,45,,,,44.43,45,,,,,45.000054,45,1.3652392164,42,47
50,48.5,New England,Buffalo,24383,4,47.49,,,46.92076,,45.8,50.9,45.45,51,,48,,,50,,,,46.84,48,,,,,48.040076,47.745,1.9862554977,45.45,51
49.5,50.5,Detroit,Carolina,24383,4,52.53,,,47.71666,,53.6,55.2,49.31,48,,48,,,51,,,,45.09,53,,,,,50.344666,50.155,3.2147368138,45.09,55.2
43,43,N.Y. Jets,Chicago,24383,4,44.43,,,39.74652,,46.6,36.8,45.4,44.5,,46,,,42,,,,44.92,45,,,,,43.539652,44.71,3.10580441,36.8,46.6
50.5,51.5,Jacksonville,Cincinnati,24383,4,49.57,,,48.38944,,47,54.1,45.4,49,,50,,,52,,,,46.73,48,,,,,49.018944,48.69472,2.5780482446,45.4,54.1
47.5,48,Dallas,Houston,24383,4,49.08,,,46.40534,,49.7,58.4,46.62,46.5,,50,,,48,,,,45.93,48,,,,,48.863534,48,3.6475521598,45.93,58.4
46,48,Kansas City,Las Vegas,24383,4,45.45,,,46.56738,,43.3,34.2,45.88,38.5,,41,,,46,,,,45.47,43,,,,,42.936738,44.375,3.9981103767,34.2,46.56738
42.5,38.5,Miami,Minnesota,24383,4,42.08,,,44.48376,,40.8,30.1,43.79,40,,42,,,42,,,,43.97,39,,,,,40.822376,42,4.1558857979,30.1,44.48376
43.5,44.5,Arizona,N.Y. Giants,24383,4,45.18,,,44.71984,,44.8,42,44.53,43,,47,,,42,,,,44.01,45,,,,,44.223984,44.62492,1.5394761484,42,47
46,44,LA Rams,Philadelphia,24383,4,47.23,,,46.6085,,43.8,47.3,44.65,48,,45,,,46,,,,44.72,43,,,,,45.63085,45.5,1.6502981221,43,48
46,46.5,Denver,San Francisco,24383,4,46.66,,,44.49424,,45.4,46.8,45.9,46,,45,,,48,,,,44.95,45,,,,,45.820424,45.65,1.0797601472,44.49424,48
43.5,42.5,LA Chargers,Seattle,24383,4,42.61,,,43.19378,,42,30.9,44.3,44.5,,42.5,,,42,,,,44.91,41,,,,,41.791378,42.555,4.0253375193,30.9,44.91
46,39.5,Green Bay,Tampa Bay,24383,4,49.15,,,47.19574,,46.9,53.7,46.44,44,,45,,,41,,,,41.72,48,,,,,46.310574,46.67,3.6968414755,41,53.7
46,47.5,Indianapolis,Washington,24383,4,50.97,,,46.49598,,52.3,61.9,48.07,45.5,,49,,,48,,,,45.01,53,,,,,50.024598,48.535,4.9775943045,45.01,61.9
45.5,48.5,Atlanta,New Orleans,24384,4,45.28,,,42.96878,,44.8,40.9,45.76,39,,41,,,46,,,,43.06,44,,,,,43.276878,43.53,2.350034525,39,46
