Home,Road,line,linesag,linepz,linestjohn,lineavg,linehanson,linepig,linel2to,lineppg,lineexcel,linemore,linedunk,linegt,linepyth,lineelo,lineeff,linesaggm,linel2,linegrok,linel1,linel2h,linedwig,lineca,linebihl,linesagr,linesagp,linepi,linemidweek,lineopen,linedoi,linecurry,linejohns,linemass,linecoff,linetalis,linerwp,lineespn,linedonchess,linepim,linelog,linepugh,lineteamrank,linemed,linekerns,linedok,lineash,lineffw,lineclean,linepib,linecong,linenfelo,linestd,rscore,hscore,week,phcover,phwin
Chicago,Philadelphia,-3.5,2.09,2.24,-2.87,2.14,1.64,,1.12,0.35,2,5.76,6.03,-3,1.52,11.8,1.99,1.1,5.84,-0.58,6.26,-2.35,15.5,-2.5,,6,2.02,-4.7,-4.5,0,-7.12,3.14,,1.65,,4.48,17.64,-0.8,-3.3,-3.9,4.85,4.34,2.8,1.65,11.71,-1.13,5,-3,3.5,-4.3,2.67,-4,5.1139639104,,,,0.6108727998,0.5425444901
Carolina,Chicago,-3,-2.08,-1.96,-1.97,-1.95,-9.59,,0.97,-3.59,5,-4.8,,-0.5,-1.17,-0.42,-0.13,-2.08,-1.28,-1.7,-1.66,5.13,-7,-3,,-2.08,-2.08,1.8,-3,-2.5,2.47,-0.92,,-1.16,,-5.15,-4.53,-2.63,-2.3,0.1,-0.96,0.31,-2.4,-1.7,-1.18,0.37,0.01,-3.2,-7.5,1.8,0.41,-2,3.1868103175,59,37,1,0.5213340846,0.4604257818
Cincinnati,Tampa Bay,3.5,4.21,-0.96,4.11,1.92,-5.14,,0.26,-0.76,1,-0.26,,4,1.51,4.12,1.97,4.21,-1.34,6.08,-1.71,-5.37,18,3.5,,4.21,4.21,3.7,3.5,2.5,1.85,1.61,,1.32,,-1.79,3.99,3.16,3.6,4.1,-3.33,3.51,4.6,2,-5.23,3.94,2,4.5,-6,3.4,4.61,3.5,4.0672308421,27,33,1,0.468178806,0.5386492309
Detroit,New Orleans,7,7.7,10.02,6.74,8.27,-6.21,,8.59,10.53,3,10.92,,6,8.99,4.53,7.66,7.7,9.96,9.22,10.27,8.49,11,7,,7.7,7.7,9.7,7,6.5,5.57,15.59,,7.82,,10.05,5.2,6.81,8.3,10.1,2.16,6.9,8,7.82,14.13,6.04,8,7,24,10,7.62,7,4.5583510582,30,31,1,0.5254502912,0.6611850019
Houston,Buffalo,-1.5,-0.04,7.53,0.87,1.14,4.39,,1.36,1.59,-4,2.13,,0.5,3.55,3.87,3.16,-0.04,5.5,-1.74,5.5,2.54,-23.5,-1,,-0.04,-0.04,5.7,-1,-2.5,3.09,-2.55,,0.61,,7.39,7.06,-1.06,-2.1,3.7,2.33,2.22,1.4,1.36,2.42,-4.33,1,0.8,1.5,6.2,1.6,-1.5,5.3336580381,36,31,1,0.5522842985,0.5226301833
Indianapolis,Baltimore,-3,-3.2,0.69,-3.33,-1.36,-8.47,,3.8,3.65,-10,3.04,,-3,3.96,1.04,3.68,-3.2,5.18,-1.07,5.27,-4.08,-22,-3,,-3.2,-3.2,-0.7,-3.5,-3.5,1.23,-9.35,,-0.51,,2.71,-4.54,-2.44,-4.9,-2.4,1.83,-0.06,-3.6,-1.5,6.11,-4.93,0.01,-3.8,10,-0.2,0.55,-1.5,5.7211517763,41,23,1,0.5323660335,0.473150664
Jacksonville,Cleveland,9,9.6,12.66,7.84,10.46,13.19,,12.92,16,1,12.89,,4,13,12.88,10.11,9.6,7,12.08,7,7,13,9,,9.6,9.6,9.1,8.5,7.5,17.97,7.41,,7.92,,11.61,15.73,7.8,11.4,9.6,12,7.37,9.7,9.7,15.59,6.85,9,8.3,24.5,9.9,7.34,6.5,4.324601638,10,34,1,0.5293283248,0.7009610027
Kansas City,Denver,2,2.81,-1.83,2.48,-0.33,-10.39,,-0.8,-1.29,-8,-4.62,,3,0.6,-4.77,1.41,2.81,-1.4,1.84,-1.18,3.36,-6,2,,2.81,2.81,0.3,2.5,2.5,-3.11,5.36,,2.14,,-1.79,-7.61,2.45,2.9,-0.7,-11.77,1.19,2.6,0.5,-2.04,5.29,0.01,2.3,-0.5,0.6,0.13,0.5,3.9219361536,10,31,1,0.4530629639,0.4933371635
LA Chargers,Arizona,9.5,13.96,11.67,10.71,9.26,-2.03,,6.67,11.47,10,8.91,,9,9.18,9.14,7.27,13.96,7.3,12.58,7.27,8.16,10,9.5,,13.96,13.96,7.3,9.5,10.5,10.53,4.21,,3.88,,10.21,15.67,9.65,11.9,9.2,9.37,6.9,13.8,9.2,11.18,13.28,5,10,16.5,6.7,10.28,7,4.0440724752,26,14,1,0.4951602216,0.680138515
LA Rams,San Francisco,3.5,4.09,3.91,4.28,4.38,-5.15,,2.03,6.24,-7,4.62,,2,3.42,3.85,3.02,4.09,6.58,6.37,6.48,2.76,11,3.5,,4.09,4.09,8.5,3.5,2.5,3.1,2.72,,2.19,,6.94,8.26,2.89,4.7,7.1,0.3,3.61,4.8,4.09,3.64,7.42,2,3.4,15,8.9,3.01,2,3.8983706573,27,7,1,0.5177667085,0.5877394585
Las Vegas,Miami,3,5.73,-1,4.14,0.41,-6.55,,-2.35,-4.71,-4,0.43,,4,-1.9,-1.22,-0.86,5.73,-1.81,2.79,-2.03,-4.37,7.5,3,,5.73,5.73,4,3.5,3,-6.21,1.08,,-0.21,,-3.19,-8.47,2.85,4.5,3.8,-6.45,4.95,7.1,0.01,-1.85,6.28,0.01,3.2,-13.5,3.7,4.26,3.5,4.7796050081,13,27,1,0.448342426,0.5081998629
Minnesota,Green Bay,2,-0.52,-1.24,0.22,0.58,-8.42,,3.59,0.82,-6,3.73,,1,2.19,5.95,2.47,-0.52,1.72,3.75,1.5,5.57,2,2,,-0.52,-0.52,0.7,1.5,-1.5,1.85,1.2,,1.64,,3.13,1.12,-1.75,-0.1,0.8,0.85,1.64,-1.5,1.12,0.2,1.25,1,1.3,-8.5,1.9,-1.48,3,2.9588615515,22,39,1,0.4711070908,0.5118099394
N.Y. Giants,Dallas,-3,-2.23,0.12,-2.19,-0.27,-11.2,,0.98,0.94,1,5.06,,0.5,2.04,5.66,2.13,-2.23,3.74,-4.54,3.88,5.66,-2,-2.5,,-2.23,-2.23,0.5,-3,-2.5,-1.25,-0.01,,0.63,,4.95,4.94,-2.05,-3.3,-0.1,-2.69,0.8,-1.3,-0.01,0.3,-2.92,2,-3.2,-8,1.7,0.9,-1,3.4115143142,20,28,1,0.5552111434,0.4945221811
Philadelphia,Washington,5.5,6.32,9.54,5.52,7.97,10.74,,5.49,10.76,18,6.58,,4,9.19,7.09,7.49,6.32,10,7.04,10.16,8.19,3.5,5.5,,6.32,6.32,9.4,4.5,4,11.77,8.66,,6.87,,11.08,15.43,4.86,4.7,9.8,7.02,8.36,6.3,7.09,12.14,7.79,6,4.9,17.5,9.4,7.76,3,3.6952744067,22,24,1,0.5498528312,0.6569944987
Pittsburgh,Atlanta,6,4.06,3.84,3.9,4.3,0.36,,1.88,5.41,2,4.06,,3,5.46,1.03,4.76,4.06,3.87,6.59,3.88,3.18,12.5,6,,4.06,4.06,5.2,3.5,2,7.43,5.8,,3.75,,7.62,4.43,2.63,3.5,6.4,1.22,4.69,5.1,4.06,4.79,4.99,3,2.8,10,5,4.47,3.5,2.4655037496,13,20,1,0.4653021158,0.5871706963
Seattle,New England,3,3.94,5.35,3.31,5.18,-9.36,,8.24,3.24,-6,5.96,,5,3.91,7.54,3.78,3.94,9.07,7.28,9.05,9.54,14,3,,3.94,3.94,8.9,3,4,2.47,5.54,,6.82,,6.9,9.33,3.43,2,8,2.83,6.87,4.7,5.54,6.34,5.55,6,3.3,9,9.9,5.31,3.5,4.2512523711,10,13,1,0.5437779526,0.6030586681
Tennessee,N.Y. Jets,1,4.4,2.01,2.88,3.08,5.81,,2.36,2.53,-15,3.91,,2,2.96,7.85,2.91,4.4,6.41,10.48,6.25,8.49,12.5,1.5,,4.4,4.4,2.7,1.5,2.5,1.23,0.18,,2.83,,4.29,3.58,2.08,2.7,3.8,0.49,5.06,5.2,2.91,6.39,1.92,2,1.2,-2.5,3.6,4.47,1.5,4.0718378565,23,10,1,0.5418566139,0.561844332
Arizona,Seattle,-4,-3.63,-12.7,-5.31,-7.65,-3.43,,-7,-17.06,-23,-6.61,-20.66,-5,-9.13,-6.83,-6.58,-8.5,-7,-5.5,-7,-15.59,12,-4.5,,2.18,-8.72,-5.9,-4,-10,-8.44,-6.64,,-4.45,,-19.52,-13.06,1.16,-5.1,-7,-16.49,1.87,-8.5,-6.74,-6.83,-8.48,-4,-6,-23,-5.4,-4.05,-5.5,7.2393977463,31,7,2,0.4299303972,0.3556792025
Atlanta,Carolina,-2.5,3.53,5.58,3.61,3.24,0.96,,2.17,3.24,-2,4.46,4.08,1,4.13,8.66,3.82,2.47,-1.08,-0.98,-1.04,-9.11,7.5,-1.5,,6.01,2.69,3.1,-2.5,1.5,2.72,4.83,,4.43,,2.43,18.94,1.82,-2.7,2.3,0.51,4.04,3.2,3.37,5.86,1.68,5,-2,3.5,3.6,3.54,-2,3.5242749132,34,3,2,0.6147122512,0.5653741456
Baltimore,New Orleans,8.5,8.5,5.6,9.57,8.69,-6.04,,7.05,8.06,15,5.98,7.66,8,7.57,9.26,6.25,9.64,7.61,5.8,8.06,-2.83,19,8.5,,7.32,9.05,10.3,8.5,7.5,14.5,10.54,,8.53,,7.82,11.44,7.68,13,11.2,1.84,5.26,10,8.28,10.18,10.38,10,6,19.5,10.1,8.53,8.5,4.1464215188,24,17,2,0.5038274294,0.6695979937
Buffalo,Detroit,5.5,4.93,7.22,4.89,5.86,4.98,,1.15,4.82,28,6.17,4.92,3,4.86,11.41,4.42,4.4,2.04,4.87,2.43,-2.36,10,5.5,,5.72,4.74,5,5.5,3,5.82,9.86,,3.74,,6.53,13.85,4.5,3.8,6.2,5.7,3.15,5,4.96,6.52,5.75,5,4.5,5,5.2,5.88,5.5,4.5250298723,31,41,2,0.5072215237,0.6158774451
Chicago,Minnesota,4.5,3.29,5.95,3.73,3.68,6.2,,-4.14,2.88,9,2.34,-0.59,3,3.46,5.32,3.41,3.36,6.02,2.74,6.41,10.1,10.5,4.5,,3.31,3.45,4.5,4.5,3.5,3.34,4.75,,1.4,,5.2,-5.96,4.49,7.1,5.1,1.42,3.19,4.4,3.58,4.46,1.11,3,5,9.5,3.8,5.54,4.5,3.3219874926,9,3,2,0.4833549855,0.5742866735
Dallas,Washington,4,3.14,2.59,5.14,3.19,-2.8,,2.99,5.24,8,0.02,-4.64,3,5.41,-0.12,4.96,4.73,3.58,3.55,3.9,-9.22,13.5,4,,0.34,4.46,5.7,4,4.5,5.82,3.29,,1.79,,3.91,-8.06,4.09,3.3,5.3,2.04,2.13,3.3,3.59,3.59,4.97,2,4,11,4.6,4.9,4,3.9741397543,20,37,2,0.4836582053,0.564098134
Denver,Jacksonville,2.5,-0.72,3.16,0.21,-1.2,2.94,,-9.78,-0.82,-3,-1.99,-11.46,3,1.73,-7.18,2.12,1.35,-13.88,5.2,-13.77,-7.92,-5,2.5,,-5.16,1.05,3.9,2.5,3,5.82,-0.97,,-0.53,,-5.65,-11.54,-3.59,3,3.6,-0.09,-2.28,1.1,0.1,-3.66,2.5,-3,2,-3.5,1.9,2.75,2.5,5.3237055554,13,20,2,0.4269157252,0.4761770073
Houston,Cincinnati,2.5,1.67,14.31,2.73,5.77,-0.85,,1.94,13,15,4.68,6.55,1,10.61,7.98,8.44,1.73,3.13,2.9,2.94,-3.37,14.5,2.5,,0.91,2.46,6.7,2.5,2.5,1.48,2.77,,3.81,,11.43,7.6,1.58,3,6.6,10.27,1.62,3.4,3.61,10.35,1.06,5,1,22.5,6.8,4.49,2.5,5.254556024,20,6,2,0.5647286199,0.6131594495
Kansas City,Indianapolis,6,8.85,-0.32,8.09,6.73,-2.99,,0.66,0.82,1,6.44,4.78,7,2.61,9.52,2.8,7.78,-0.4,6.71,-0.37,-0.65,25,6,,11.81,7.79,10.1,6.5,6.5,12.64,10.75,,6.22,,0.85,14.78,7.51,7.8,10,-6.22,6.9,10,7.3,10.28,8.9,8,6,3,9.7,5.6,6.5,5.1347289258,30,33,2,0.5145333872,0.6315370901
LA Chargers,Las Vegas,6.5,4.45,13.5,6.51,6.87,0.32,,8.71,14.88,20,1.54,1.26,4,12.36,2.47,9.6,7.31,11.59,5.95,11.5,12.75,5,6.5,,-2,8.11,6.8,6.5,8.5,5.82,4,,5.14,,11.34,0.47,5.57,7.3,7.5,12.24,0.09,6.6,6.55,2.11,8.54,3,7,22,6.3,8.56,5.5,5.2310279107,26,14,2,0.5073583051,0.6340087587
LA Rams,N.Y. Giants,6.5,4.12,7.85,10.37,7.29,-4.96,,10.79,15.53,8,3.27,0.97,6,11.31,6.91,9.76,7.95,7,3.49,7,7,-9,6.5,,-1.76,8.4,11.4,7,8.5,10.78,7.8,,7.96,,16.23,-2.92,4.62,7.4,12,14.1,0.45,8.9,7.9,5.66,9.94,4,8,26,11.2,7.67,7.5,6.2446530401,6,28,2,0.515485675,0.6399352848
N.Y. Jets,Green Bay,-3,-0.2,-11.1,-2.59,-2.9,-9.18,,-6.74,-11.76,4,0.77,-6.27,-1,-5.72,1.67,-3.65,-3.91,-11.69,-5.31,-10.56,-8.67,12.5,-3,,5.95,-4.3,0.01,-3.5,-5.5,-5.96,1.17,,-2.43,,-9.63,16.96,-3.24,-5.3,-1.1,-6.48,4.87,-4.4,-3.12,0.27,-1.58,0.01,-3,-14,0.2,-2.8,-3,6.2689047422,20,17,2,0.5019599784,0.4433521142
New England,Pittsburgh,5.5,4.12,2,6.1,5.12,-3.74,,7.12,11.41,3,3.5,9.9,3,8.91,12.62,7.65,4.18,1.7,7.42,2.36,6.04,-8.5,5.5,,3.17,5.12,4.8,5,4.5,7.06,6.47,,5.08,,10.9,6.86,4.3,3.8,6.4,7.32,2.08,5.8,5,5.37,4.19,5,6,14,4.2,4.95,5,4.2210657002,3,20,2,0.4923515805,0.6019238276
San Francisco,Miami,13.5,13.89,8.16,13.61,13.94,10.74,,14.39,10.41,14,12.02,22.55,10,8.8,24.9,7.19,14.74,7,6.94,7,9.06,39,13.5,,15.14,14.38,16.9,13,10.5,20.7,18.91,,10.08,,12.65,19.51,14.5,16,18.4,8.96,7.47,16.9,13.46,21.69,13.3,13,13,16,17.2,11.65,12,6.5747036837,13,35,2,0.5085826884,0.7522675925
Tampa Bay,Cleveland,8.5,7.33,5.48,7.84,5.95,5.03,,-2.29,6.06,-2,3.71,-2.12,5,6.47,3.65,5.59,7.01,2.13,5.95,2.5,7.86,15,8.5,,7.52,7.57,9.5,8.5,6.5,9.54,9.55,,6.23,,6.53,-12.8,8.54,9,9.3,5.95,4.89,9.3,6.5,8.93,8.09,6,8,13,9.5,6.42,8.5,4.9871276645,23,19,2,0.4492642269,0.616975847
Tennessee,Philadelphia,-7,-5.01,-7.39,-4.22,-7.18,-1.15,,-4.45,-12.59,-15,-5.16,-13.85,-3,-6.88,-7.3,-4.16,-6,-4.37,-4.81,-4.57,-4.01,-2,-7,,-4.42,-5.21,-9.3,-7,-4.5,-10.92,-6.63,,-6.25,,-7.31,-11.89,-5.48,-7.3,-9.5,-7.62,-0.11,-6.1,-6.44,-7.5,-5.13,-5,-8,-20.5,-9,-3.22,-7,4.2641560568,24,20,2,0.4963785773,0.3586391071
Buffalo,LA Chargers,7,6.79,6.89,6.77,10.54,4.36,,10.24,7.18,9,13.97,16.99,7,6.03,22.27,5.5,7.69,10.21,11.35,11.26,8.94,23.5,7,,11.05,5.41,9.9,7,4,20.53,16.45,,9.56,,9.97,17.55,8.24,7.2,11.3,8.9,6.89,8.9,9.9,14.1,7.89,10,8,14,10.9,6.54,7.5,4.7115103449,16,24,3,0.5704905267,0.7015471019
Cleveland,Carolina,-2,-1.1,0.23,-3.42,-1.5,0.07,,-1.93,0.18,-4,0.55,-2.5,-0.5,1.45,2.94,2.08,-0.42,-8.19,-4.35,-8.13,13.65,-6,-2,,-1.6,-1.82,-1.7,-3,-3,-0.01,0.84,,0.77,,-2.51,-6.87,-3.55,-3.3,-1.3,-7.97,-0.69,-2.2,-1.3,1.06,0.51,-1,-2,-4,-1.6,-0.11,-2.5,2.7522641239,18,21,3,0.5101970489,0.4694354837
Dallas,Baltimore,-3.5,-1.5,-4.79,-2.53,-3.77,-5.65,,-2.62,-3.88,-14,-3.31,-9.83,-1,-2.34,-7.23,-1.91,-1.47,-4.18,-2.18,-4.51,-7,-0.5,-3.5,,-1.4,-1.65,2.6,-3,-3,-3.95,-2,,-3.89,,-9.72,-12.21,-1.13,-3.1,1.4,-2.34,-0.79,-2.9,-2.9,-12.31,-4.98,-4,-4,0.01,2.2,-1.7,-2.5,3.9623657696,34,31,3,0.4945507287,0.4243684901
Denver,LA Rams,-2,-1.47,0.94,-3.08,-2.51,-0.74,,-9.89,-2.82,1,0.24,0.33,-0.5,0.95,0.39,0.96,-1.18,-14.06,-2.55,-13.72,-10.02,-5,-2,,-1.06,-2.29,-1.1,-2.5,-2.5,-5.54,-0.24,,-1.49,,-9.75,-5.03,-3.78,-2.5,-0.8,-1.59,0.44,-2.6,-1.65,-1.65,-2.22,-2,-2,-6.5,-2.1,0.71,-2.5,3.8928111923,26,30,3,0.4897005515,0.4494410305
Detroit,N.Y. Jets,6.5,7.57,14.4,5.94,8.55,0.96,,5.19,17.94,-8,5.34,11.33,5,12.82,7.92,11.02,8.34,10.91,8.09,10.35,7.21,4.5,6.5,,3.22,8.54,9.3,6.5,7,17.37,8.79,,8.6,,10.93,9.81,7.05,9.6,10.1,5.04,1.8,9.3,8.54,3.92,8.53,7,6,22.5,9.4,7.86,7.5,5.0323695754,24,31,3,0.5408035915,0.6654292589
Green Bay,Atlanta,4.5,7.48,3.01,6.36,7.11,-3.5,,7.34,6.65,-2,4.5,3.24,10,6.38,9.53,5.33,8.51,11.07,2.1,10.75,7,18,4.5,,8.58,6.79,6.2,4.5,6.5,7.89,10.47,,8.09,,5.61,18.26,6.87,4.3,7.8,12.61,5.88,10.8,6.72,0.98,5.32,8,6,17.5,5.6,9.5,5,4.6453017398,35,14,3,0.5521367444,0.6394653659
Indianapolis,Houston,-1.5,-0.39,-0.45,-2.54,-1.92,-7.32,,-0.95,-1.24,-24,-0.18,-5.47,1,0.13,1.28,0.94,-0.73,-6.24,-3.04,-6.13,-2.68,5.5,-1.5,,1.69,-0.68,-1.7,-2,-2.5,-7.12,1.63,,0.66,,-3.81,6.26,-0.72,-1.6,-1.5,-15.52,2.07,-1.6,-1.1,-6.87,-1.39,1,-3,1,-1.1,0.6,-2.5,4.9197479275,17,19,3,0.4916144805,0.4617222941
Jacksonville,New England,3,0.65,3.44,2.52,0.72,-0.27,,-0.95,0.12,-5,2.3,-1.74,0.5,1.94,-2.85,1.85,0.53,3.7,8.43,3.01,15.38,2,3,,0.16,0.84,2.2,3,2,-3.96,-0.67,,1.19,,0.06,-10.07,2.01,3,1.4,-1.74,1.9,0.3,1,3.57,-0.44,1,4,0.5,3.1,2.4,1.5,2.7165840644,6,35,3,0.4535897094,0.5146857778
Miami,Kansas City,-10,-9.19,1.67,-10.95,-7.69,3.69,,-7.5,-4.53,4,-8.6,-14.76,-6,-1.77,-8.43,-0.21,-9.86,1.41,-6.54,0.4,11.55,-20,-10,,-7.43,-9.63,-9.5,-11,-9,-20.55,-10.75,,-4.2,,-4.98,-11.34,-11.06,-16.5,-9.3,5.45,-3.84,-12.3,-8.6,-18.14,-8.68,-7,-10,-11,-9.2,-4.3,-9.5,5.816033162,24,10,3,0.5454787723,0.3518514129
N.Y. Giants,Tennessee,2.5,5.29,4.77,3.62,6.49,1.59,,1.6,10,6,9.2,10.32,2,8.15,13.01,7.01,6.01,0.51,8.07,0.63,-6.01,16,3,,5.57,4.62,8.1,3,5.5,11.84,8.64,,4.69,,7.17,17.97,-0.97,2.7,7.5,0.17,3.19,5.6,6.01,11.97,5.12,7,3,11.5,8.3,4.98,3,4.287135796,7,12,3,0.5797178638,0.6282489608
New Orleans,Las Vegas,3.5,3.21,7.6,2.47,4.84,5.42,,10.82,8.71,1,2.55,6.74,1,7.53,10.97,6.36,2.99,10.47,3.81,11.1,-5.87,15,3.5,,3.35,3.62,3.8,3,3,7.89,5.13,,3.49,,8.79,-5.85,3.76,2.4,4.3,5.48,1.13,3.5,3.81,-1.11,1.47,4,3,9,3.9,3.64,3,4.0387203248,35,27,3,0.5270035992,0.5966447767
Pittsburgh,Cincinnati,-3,-1.9,7.52,-3.13,-0.69,-0.02,,1.62,7.18,9,0.25,-2.15,-4,6.17,-0.06,5.46,-1.95,2.36,-4.26,1.23,2.22,-9,-3,,-3.75,-1.54,-1,-3.5,-2.5,-15.02,-4.51,,-0.21,,-0.07,-7.83,-3.12,-3.5,-1.3,2.39,-0.92,-3.5,-1,4.17,-1.75,-1,-3,9.5,-1.1,0.01,-2.5,4.173365372,27,30,3,0.5464156871,0.4861069547
San Francisco,Arizona,7.5,11.99,10.75,8.69,12.47,8.05,,7,13.71,13,12.1,14.11,12,10.52,17.47,8.8,12.23,7,14.28,7,10.59,23,8.5,,12.25,12.87,12.3,8.5,8.5,18.95,14.23,,8.87,,13.22,16.77,13.58,15.5,14.5,7,8.79,15.2,12.3,10.91,14,13,9,20.5,12.3,11.29,8.5,4.2728870408,30,36,3,0.5989465145,0.7352672894
Tampa Bay,Minnesota,-1,-1.9,2.67,-2.28,-3.75,2.29,,-13.68,-0.47,1,-7.5,-13.2,-2,1.21,-10.47,1.86,-2.95,-10.23,-3.7,-9.89,-5.75,-14,-1,,-5.18,-0.45,0.4,-1.5,1.5,-6.33,-7.57,,-2.65,,-2.13,-13.44,-1.25,-2,-1.1,-16.55,-1.43,-1.9,-2,-7.25,1.39,-3,-2,-0.5,-0.9,0.75,-1.5,5.0916149936,23,16,3,0.4453804862,0.425719107
Washington,Seattle,-8.5,-5.22,-10.17,-7.32,-10.99,-8.14,,-15.3,-14.82,-32,-10.54,-22.15,-5,-7.96,-14.87,-5.44,-6.03,-7,-4.51,-7,-7,-11,-8.5,,-5.89,-4.5,-14.3,-7,-2,-18.97,-12.14,,-8.54,,-25.19,-13.63,-4.58,-7.9,-14.7,-16.66,-3.73,-6.5,-8.14,-6.31,-3.89,-10,-8,-28,-14.9,-4.43,-6,7.19948627,31,33,3,0.4520343622,0.2973811245
