date,road,home,lineopen,line,week,totmass,totargh,totbihl,totexcel,totdonchess,totshark,tottalis,totpugh,totclean,totround,totpirate,linemidweek,tothanson,totffw,totexcel2,totrwp,totsag,totturing,totashby,totcurry,totcoffey,totkerns,totavg,totmed,totstd,min,max
22899,Kansas City,Arizona,52.5,54,1,54.42,47,,48,51.16664,49.9,49.6,53.32,50.5,,51.5,53.5,,46,58,52.23,45.5,48,51,49.89,,61,51.189165,50.75,4.1003986354,45.5,61
22899,New Orleans,Atlanta,41.5,44,1,41.34,44,,38,42.31486,42.6,32.9,40.69,52,,44,42,,40,36,40.88,45.5,41,44,39.52,,36,41.23405375,41.11,4.46981624,32.9,52
22899,Cleveland,Carolina,44,41.5,1,41.28,43,,43,42.03056,43,38.6,37.05,39,,42,42,,41,51,39.82,45.5,43,41,36.66,,30,40.871285,41.14,4.4774685787,30,51
22899,San Francisco,Chicago,42,40,1,35.98,44,,33,43.83004,45.9,31.7,39.02,51,,41.5,40.5,,41,41,42.74,45.5,42,41,41.41,,43,41.3487525,41.455,4.8054106554,31.7,51
22899,Pittsburgh,Cincinnati,44.5,44.5,1,45.39,45,,52,45.47518,46.3,53.6,45.83,37.5,,48.5,44.5,,42,50,45.9,45.5,53,45,50.65,,48,46.66532375,45.865,3.8800897323,37.5,53.6
22899,Tampa Bay,Dallas,53,50,1,56.38,48,,67,52.87542,47.8,55.6,56.49,51.5,,52.5,51,,45,53,56.1,45.5,52,53,53.55,,63,53.58096375,53,5.8062163131,45,67
22899,Philadelphia,Detroit,46.5,48.5,1,51.11,46,,53,44.8796,44.2,49.1,49.89,55.5,,47.5,48.5,,43,46,44.48,45.5,46,51,51.02,,50,48.261225,48.3,3.5851553211,43,55.5
22899,Indianapolis,Houston,44,46,1,46.44,45,,57,44.54974,45,44.1,45.38,61,,45.5,46,,41,49,43.27,45.5,39,46,45.9,,47,46.97748375,45.5,5.0462300275,41,61
22899,Las Vegas,LA Chargers,51.5,53,1,54.9,48,,51,48.91014,46.6,52.9,57.05,39,,51.5,52,,45,61,48.3,45.5,52,52,52.81,,60,50.90438375,51.25,5.721712071,39,61
22896,Buffalo,LA Rams,52,52,1,51.92,46,,48,48.0609,46.7,47.2,50.53,53.5,,48,52,,45,35,53.61,45.5,45,48,54.44,,47,48.02880625,48,4.5937162299,35,54.44
22899,New England,Miami,45,45.5,1,44.78,45,,34,41.9444,42.4,38.6,41.65,58,,42.5,46.5,,42,33,46.02,45.5,49,44,50.26,,37,42.9159,42.45,6.0113227962,33,58
22899,Green Bay,Minnesota,50,46.5,1,51.27,46,,55,47.9422,46.4,41.9,51.11,51,,47.5,47,,44,49,48.93,45.5,49,48,46.18,,55,48.4207625,47.9711,3.6146275376,41.9,55
22899,Baltimore,N.Y. Jets,44.5,44.5,1,45.11,46,,40,45.71466,43.6,47.5,50.6,56.5,,46.5,44.5,,42,33,41.77,45.5,48,46,47.67,,58,45.96654125,45.85733,5.9242856509,33,58
22900,Denver,Seattle,41.5,44,1,40.23,43,,43,42.42208,44.6,40,42.48,,,42.5,44.5,,40,33,43.22,45.5,39,43,43.9,,39,41.723472,42.5,3.0207950172,33,45.5
22899,N.Y. Giants,Tennessee,44,44,1,38.78,44,,35,43.02026,41.6,38.2,39.69,32,,42,43.5,,41,39,40.52,45.5,46,43,36,,37,39.76939125,40.105,3.5700231945,32,45.5
22899,Jacksonville,Washington,44,43.5,1,39.91,44,,44,44.28968,42.8,41.4,40.61,,,44,44,,41,31,36.96,45.5,38,42,40.02,,42,41.299312,42,3.5931520126,31,45.5
22904,Miami,Baltimore,45.5,44.5,2,39.04,43,,51,42.8024,42.8,41,36.02,40.5,,39.5,44.5,,42,37,43.16,28.41,,43,39.58,,24,39.550775,40.75,6.2354721615,24,51
22907,Tennessee,Buffalo,50,47.5,2,48.71,45,,48,43.95036,44.5,51,45.33,37,,46,48,,45,52,51.1,40.22,,47,46.14,,48,46.1843975,46.07,3.8827652098,37,52
22906,N.Y. Jets,Cleveland,43,39.5,2,42.85,44,,29,43.2006,44.1,38.5,43.23,27,,45.5,39.5,,41,41,40.31,40.9,,45,39.83,,35,40.0262875,41,5.3977352278,27,45.5
22906,Cincinnati,Dallas,45,42,2,46.52,45,,49,49.97744,47.9,55.1,43.41,47.5,,49,42,,45,47,52.18,31.68,,49,54.79,,31,46.50359,47.7,6.7474922885,31,55.1
22906,Houston,Denver,44,45,2,35.59,43,,41,41.86544,44.6,28.8,37.07,25.5,,42,45,,40,33,36.31,34.95,,39,37.49,,39,37.448465,38.245,5.1291082571,25.5,44.6
22906,Washington,Detroit,46.5,48.5,2,48.15,46,,47,45.24364,43.6,50.8,54.12,44,,46.5,48.5,,42,49,40.36,58.69,,49,47.28,,74,49.1089775,47.14,8.0125369387,40.36,74
22906,Chicago,Green Bay,44,41.5,2,37.6,44,,52,43.23946,44.5,44.6,35.29,30.5,,40.5,41.5,,41,33,44.11,30.09,,41,44.59,,24,39.37621625,41,7.1521129858,24,52
22906,Indianapolis,Jacksonville,45.5,43.5,2,42.77,45,,45,43.49154,44.1,38.2,45.29,59.5,,47,45.5,,42,40,42.76,44.49,,46,43.5,,52,45.06884625,44.295,4.8995531407,38.2,59.5
22904,LA Chargers,Kansas City,55,53,2,56.94,48,,55,50.86654,51.1,49.8,61.27,44,,54,54,,45,48,54.96,51.73,,54,57.81,,55,52.34228375,52.865,4.6832132909,44,61.27
22906,Atlanta,LA Rams,48,46.5,2,45.34,45,,45,48.31516,45.4,47.6,48.73,30.5,,47.5,46.5,,44,51,44.48,46.57,,46,48.57,,53,46.0628225,46.285,4.8155686349,30.5,53
22906,Arizona,Las Vegas,51.5,51.5,2,48.15,46,,61,47.6904,47.2,50.6,47.91,54,,50,51.5,,44,51,43.72,51.73,,50,46.74,,49,49.296275,48.575,4.1429465372,43.72,61
22906,Carolina,N.Y. Giants,42,43,2,34.61,43,,41,40.19562,42.2,31.3,39.9,40,,41,43,,41,37,35.01,45.29,,40,39.19,,45,39.73097625,40.09781,3.7239109078,31.3,45.29
22906,Tampa Bay,New Orleans,46.5,44,2,43.09,45,,54,45.32408,45.4,39.5,40.42,53,,46.5,44.5,,42,51,48.2,36.11,,45,39.93,,39,44.59213,45,5.1361775726,36.11,54
22907,Minnesota,Philadelphia,48,49,2,49.91,46,,55,46.95278,46.4,59.7,52.77,47,,48.5,50.5,,43,50,49.25,44.6,,51,47.51,,63,50.03704875,48.875,5.3613878052,43,63
22906,New England,Pittsburgh,41.5,40.5,2,43.92,44,,31,43.0284,44.7,35.1,38.95,57.5,,44,40.5,,41,38,46.91,34.32,,41,50.69,,30,41.5074,42.0142,7.0942259639,30,57.5
22906,Seattle,San Francisco,43,40.5,2,39.13,44,,38,44.29768,44.7,45.1,37.13,44.5,,41.5,41,,42,55,44.59,30,,44,40.49,,26,41.277355,43,6.6043716867,26,55
22913,LA Rams,Arizona,51,48.5,3,47.88,47,,45,52.1838,48.7,51.3,53.54,47,46,49.5,48,39.64,45,51,45.42,56.85,,49,52.42,,56,49.079655556,48.85,4.2926974401,39.64,56.85
22913,New Orleans,Carolina,40.5,41,3,37.18,42,,45,40.74102,43.6,36,36.84,42.5,42,41,41,34.75,40,38,37.03,40.57,,40,36.8,,35,39.389501111,40,3.0383494993,34.75,45
22913,Houston,Chicago,38.5,39,3,35.86,41,,35,39.1475,44.8,28.3,33.85,32.5,45,38.5,40,30.27,39,38,38.52,28.43,,39,38.08,,30,36.403194444,38.04,5.0449000023,28.3,45
22911,Pittsburgh,Cleveland,40,38,3,43.49,44,,32,38.67116,44.4,40.4,51.12,40.5,50,44.5,38,34.55,40,38,41.42,45.13,,44,38.39,,47,42.087286667,42.455,4.9039385997,32,51.12
22913,San Francisco,Denver,43.5,44,3,29.04,41,,41,40.0135,43.8,28.5,29.39,44.5,41,40,44.5,29.2,42,38,42.53,26.14,,37,33.24,,24,36.13075,39,6.7169332206,24,44.5
22913,Kansas City,Indianapolis,49,50.5,3,50.72,45,,59,51.88072,48.4,61.8,48.66,52.5,45,50,50.5,40.15,45,50,53.4,44.08,,49,50.63,,51,49.79004,50,5.1742200895,40.15,61.8
22913,Jacksonville,LA Chargers,47,42,3,47.29,44,,56,47.56128,47,51.7,40.65,30.5,37,48.5,47,39.65,44,59,43.64,40.5,,47,46.35,,44,45.241182222,45.175,6.6048748293,30.5,59
22913,Buffalo,Miami,51.5,53,3,49.11,45,,48,46.98314,48.1,49.8,51.21,60.5,48,44,52,37.41,45,40,50.74,47.76,,48,49.54,,56,48.064063333,48,5.1796049717,37.41,60.5
22913,Detroit,Minnesota,52,52.5,3,50.05,46,,50,47.94078,46.4,41.5,48.67,37,45,48,53,47.52,44,48,46.88,43.91,,51,44.03,,62,47.105598889,47.2,5.0178478323,37,62
22914,Dallas,N.Y. Giants,40,38.5,3,36.9,42,,40,43.18908,45.8,33.6,33.58,56.5,39,42.5,38.5,36.76,43,39,40.12,30.01,,44,45.2,,26,39.842171111,40.06,6.7649631624,26,56.5
22913,Cincinnati,N.Y. Jets,43,45,3,45.81,45,,51,43.2285,45.7,49.4,42.43,58,43,48.5,45,39.24,41,54,43.97,42.38,,47,49.74,,42,46.188805556,45.35,4.8484749365,39.24,58
22913,Baltimore,New England,44,44,3,42.49,44,,47,43.95674,43.5,45.3,39.93,42,39,42,43.5,42.66,41,54,45.64,39.77,,42,52.04,,42,43.793707778,42.575,3.9559378658,39,54
22913,Atlanta,Seattle,41,42,3,46.58,45,,49,44.74244,43.2,46.6,50.61,35,49,44,42,44.33,41,44,40.62,42.11,,48,47.47,,42,44.625691111,44.53622,3.7526399222,35,50.61
22913,Green Bay,Tampa Bay,44,41.5,3,42.72,41,,64,44.46788,46.9,47.1,35.79,43,41,46.5,41.5,31.51,45,48,49.72,25.9,,45,43.64,,27,42.680437778,44.05394,8.760362306,25.9,64
22913,Las Vegas,Tennessee,45,45.5,3,45.56,44,,41,48.50196,46.6,37.6,45.16,37,43,47.5,45.5,36.36,42,58,40.16,45.19,,47,39.63,,47,43.958997778,44.58,5.1712712202,36.36,58
22913,Philadelphia,Washington,50.5,47.5,3,46.51,47,,47,47.85666,46,49.2,54.83,53,47,47,47.5,45.78,44,39,46.59,58.82,,49,49.43,,68,49.223147778,47,6.3265719628,39,68
22920,Cleveland,Atlanta,46,47,4,49.16,48,,42,42.20712,42.6,44.4,65.28,47.5,55,48,47.5,50.95,44,45,51.55,61.07,,49,42.95,,61,49.425951111,48,7.0163833503,42,65.28
22920,Buffalo,Baltimore,55.5,51,4,50.04,46,,59,46.77676,47.3,49,60.09,58,49,46.5,51,49.91,46,41,57.8,52.54,,48,54.09,,63,51.335931111,49.455,6.022711727,41,63
22920,Arizona,Carolina,44,43.5,4,44.63,43,,51,46.59524,46.1,43.4,42.57,47,43,45,43.5,37.89,41,46,41.3,45.51,,45,44.39,,42,44.188068889,44.51,2.8632017489,37.89,51
22917,Miami,Cincinnati,48,47,4,44.98,43,,47,45.60556,44.7,50.8,46.57,40,43,43.5,47,50.18,43,45,47.05,43.34,,46,44.9,,47,45.312531111,44.99,2.6217903671,40,50.8
22920,Washington,Dallas,42.5,41.5,4,43.84,42,,44,46.22482,45.8,46.9,37.78,34,41,45.5,41.5,46.52,41,51,37.55,39.55,,46,48.44,,40,43.17249,43.92,4.3636662515,34,51
22920,Seattle,Detroit,48,48,4,48.75,48,,46,45.84638,44.7,50.5,61.39,49,54,45,48,52.84,44,43,45.8,53.78,,51,51.68,,61,49.793687778,48.875,5.3574433867,43,61.39
22920,New England,Green Bay,42,40,4,39.96,39,,31,41.9303,43.9,35.1,33.43,49.5,37,42,40.5,36.06,40,37,34.8,30.39,,42,48.48,,35,38.697238889,38,5.3448122229,30.39,49.5
22920,LA Chargers,Houston,45,45,4,46.28,43,,62,48.34794,46.9,53.4,46.44,51,46,47,44,41.22,43,52,37.05,41.62,,48,46.98,,44,46.902107778,46.67,5.49760456,37.05,62
22920,Tennessee,Indianapolis,44,42.5,4,41.7,41,,54,48.54104,45.1,51.1,35.38,40,40,44.5,42.5,47.14,41,53,33.05,36.78,,46,39.92,,37,43.06728,41.35,6.0340355509,33.05,54
22920,Denver,Las Vegas,45.5,45.5,4,40.04,39,,41,45.66156,46.3,38,32.84,51,39,42.5,45.5,38.84,41,41,37.05,32.85,,40,37.75,,34,39.879531111,39.5,4.6096595005,32.84,51
22920,Chicago,N.Y. Giants,39,39.5,4,38.32,40,,43,38.318,42.4,35,37.83,36.5,45,37,39.5,48.15,39,31,37.3,34.6,,39,37.95,,32,38.464888889,38.134,4.2566711226,31,48.15
22920,Minnesota,New Orleans,44,41.5,4,40.5,41,,54,44.96832,45.5,38.6,33.02,47,39,42.5,43.5,45.4,42,47,37.55,37.33,,43,34.09,,42,41.914351111,42,5.0664338337,33.02,54
22920,Jacksonville,Philadelphia,47.5,45.5,4,41.5,41,,50,43.0969,47,46.8,42.26,28,39,45,46,40.06,43,41,52.8,36.36,,45,42.63,,45,42.750383333,42.815,5.3744249321,28,52.8
22920,N.Y. Jets,Pittsburgh,41,41.5,4,44.36,43,,52,40.63138,43.2,47.3,31.87,31.5,38,46.5,41.5,40.44,40,40,36.8,39.27,,45,45.62,,40,41.416187778,40.53569,5.1562951811,31.5,52
22921,LA Rams,San Francisco,45,42,4,39.43,40,,51,44.852,46.2,45.3,31.36,47,38,43,41.5,31.12,41,51,37.3,31.46,,41,38.53,,29,40.364,40.5,6.6460885268,29,51
22920,Kansas City,Tampa Bay,47,45.5,4,44.24,42,,51,49.366,49,48.9,41.81,49.5,43,50.5,45,38.14,42,47,45.05,34,,48,47.92,,31,44.579222222,46.025,5.6979211127,31,51
22927,Philadelphia,Arizona,49,49,5,46.48,46,,40,48.88396,48.9,49.3,42.01,47,44,47.5,49.5,41.06,44,46,48.86,43.29,,50,48.71,,44,45.888553333,46.24,3.0492579503,40,50
22927,Cincinnati,Baltimore,48.5,48,5,48.39,47,,45,46.3696,45.6,45.9,54.47,59,49,46,48.5,46.29,42,55,50.17,45.19,,47,50.64,,53,48.667755556,47,4.313547397,42,59
22927,Pittsburgh,Buffalo,47,44.5,5,43.42,42,,41,40.10496,47.6,51.9,36.8,24,41,45.5,46,44.94,43,38,46.05,40.32,,45,47.62,,46,42.458608889,43.21,5.930651579,24,51.9
22927,San Francisco,Carolina,39.5,40,5,37.52,36,,44,40.57254,44.6,34.7,28.64,43.5,37,39.5,38.5,28,39,36,38.74,34.3,,38,33.87,,29,36.830141111,37.26,4.9412323141,28,44.6
22927,LA Chargers,Cleveland,48,47,5,49.4,50,,52,45.42012,46.6,48.5,50.18,43,50,49.5,47.5,44.2,43,37,47.74,48.11,,50,46.51,,54,47.508895556,48.305,3.9498821759,37,54
22924,Indianapolis,Denver,43,42,5,36.41,36,,39,41.7228,45.4,29.7,19.96,44,35,40.5,42,33.9,41,34,33.86,34.31,,39,37.36,,31,36.229044444,36.205,5.8824321471,19.96,45.4
22927,N.Y. Giants,Green Bay,37.5,42,5,39.37,38,,40,40.12794,43.7,30.5,37.66,28.5,43,40,40.5,39.31,42,37,39.11,36.1,,41,37.99,,34,38.187107778,39.21,3.9588973574,28.5,43.7
22927,Houston,Jacksonville,44,43.5,5,41.61,41,,42,41.58742,46.4,31.2,51.08,39.5,47,44,43.5,36.22,41,31,44.17,40.54,,42,38.82,,44,41.284856667,41.59871,4.9833504114,31,51.08
22928,Las Vegas,Kansas City,53.5,52,5,52.31,52,,38,51.93318,50.2,44.7,67.17,29,54,54.5,51,39.73,46,55,52.99,49.66,,51,54.03,,49,49.512398889,51.46659,8.1412244264,29,67.17
22927,Dallas,LA Rams,45,42,5,41.16,39,,47,43.67848,48.2,44,39.7,65.5,41,45,43.5,37.43,45,47,37.24,37.22,,45,48.89,,30,43.445471111,43.83924,7.3194219232,30,65.5
22927,Chicago,Minnesota,43,44,5,41.89,40,,52,42.57556,45.2,48.1,31.79,37.5,41,41,44,46.62,41,51,38.92,39.01,,42,38.33,,38,41.99642,41,5.0265591004,31.79,52
22927,Miami,N.Y. Jets,44,45,5,45.6,45,,40,44.94788,44.8,47.9,43.4,52,45,45,45,46.84,42,41,43.42,42.84,,47,44.56,,46,44.850437778,44.97394,2.7193346618,40,52
22927,Detroit,New England,47,46.5,5,53.21,54,,50,48.34234,45.3,53.7,66.11,42,56,49,46,54.21,42,55,50.92,51.98,,51,61.52,,71,53.071796667,52.595,7.4427956124,42,71
22927,Seattle,New Orleans,45.5,45,5,45.75,46,,39,43.60128,44.1,42.3,52.47,41,50,42,46,47.33,40,38,42.86,44.37,,46,44.28,,62,45.05896,44.19,5.5745273847,38,62
22927,Atlanta,Tampa Bay,48,46,5,44.69,45,,45,44.99044,46.6,48.6,39.12,34,45,50.5,47,39.15,43,52,45.49,40.9,,48,45.39,,46,44.635024444,45,4.2940969234,34,52
22927,Tennessee,Washington,42,43,5,43.79,44,,45,44.44338,45.2,41.2,43.46,51,45,43,42.5,35.65,41,49,38.55,42.04,,43,38.12,,39,42.914076667,43.23,3.7450135873,35.65,51
22934,San Francisco,Atlanta,41,46,6,41.41,41,,39,42.59422,46.2,39.3,35.9,49,42,44,44,43.05,41,40,,38.58,,43,38.97,40.9,35,41.161345556,41,3.3551615585,35,49
22931,Washington,Chicago,39.5,38,6,41.33,41,,33,38.101,44.4,31.6,39.61,34.5,44,38.5,38,36.03,39,40,,38.62,,41,38.93,41,39,38.867833333,39,3.3753864833,31.6,44.4
22934,New England,Cleveland,43,42.5,6,45.16,45,,31,41.77202,44.8,34.1,38.77,48,43,43,43,43.16,41,35,,47.5,,44,43.32,45.9,51,42.526778889,43.24,5.0716834827,31,51
22934,N.Y. Jets,Green Bay,43.5,45.5,6,44.16,42,,60,39.78224,44.5,50.8,44.97,25.5,44,47,45,33.31,43,49,,42.97,,46,45.64,42.7,42,43.74068,44.08,6.9831821328,25.5,60
22934,Jacksonville,Indianapolis,41.5,41,6,36.89,35,,46,44.43394,46.2,47.1,29.15,36,39,41.5,41.5,39.88,40,45,,35.5,,42,35.51,35.4,29,39.086885556,39.44,5.4918705703,29,47.1
22934,Buffalo,Kansas City,53.5,54,6,51.37,50,,43,51.04836,51.4,47,54.08,63,49,52,54,40.21,46,51,,47.92,,51,55.18,49.7,54,50.383797778,51,4.9230779795,40.21,63
22935,Denver,LA Chargers,45.5,45.5,6,45.14,42,,49,45.94182,47.7,47.9,36.68,39,41,45,45.5,42.55,42,47,,36.99,,43,45,41.3,43,43.344545556,43,3.5838862852,36.68,49
22934,Carolina,LA Rams,41.5,41,6,43.29,40,,41,44.62086,46.5,41.4,43.69,35.5,44,43.5,42,36.56,40,37,,36.64,,41,45.06,41.1,32,40.714492222,41.05,3.8672863468,32,46.5
22934,Minnesota,Miami,45,45.5,6,46.65,46,,53,46.29082,47.2,42.6,47.57,49.5,46,45,45.5,33.2,42,45,,48.97,,48,42.65,46.3,53,46.051712222,46.29541,4.4201892527,33.2,53
22934,Baltimore,N.Y. Giants,44.5,46,6,43.8,45,,33,43.4844,44.6,36.4,50.16,45,48,41,45,44.53,42,31,,42.64,,43,43.55,45.1,46,42.681355556,43.675,4.8179543272,31,50.16
22934,Cincinnati,New Orleans,44.5,43,6,44.73,43,,40,43.5214,46.1,37.1,41.64,53,44,44,43.5,42.05,42,39,,42.42,,44,37.96,44,44,42.917855556,43.2607,3.4899300447,37.1,53
22934,Dallas,Philadelphia,43,42,6,39.87,39,,48,43.10236,48.4,49,37.51,60.5,40,44,42,37.99,41,48,,36.11,,47,46.74,38.8,33,43.223464444,42.05118,6.4655577218,33,60.5
22934,Tampa Bay,Pittsburgh,43.5,46,6,42.9,38,,48,0,46.4,35.3,35.06,57,39,46,44,33.86,41,40,,35.4,,44,40.79,39.1,37,38.822777778,39.55,11.249083521,0,57
22934,Arizona,Seattle,50.5,50.5,6,49.75,51,,53,48.2626,46.4,52.4,53.17,51.5,50,46,51,47.3,45,49,,47.25,,51,54.95,50.9,60,50.382366667,50.45,3.6350684267,45,60
22938,New Orleans,Arizona,45.5,43.5,7,45.35,46,47.29,50,44.3438,46.9,41.6,47.1,43,45,45,43.5,38.31,42,39,42.47,43.8,,45,37.6,46.25,48,44.20069,45,3.2888869411,37.6,50
22941,Cleveland,Baltimore,47,46,7,50.75,51,64.39,31,45.55948,45.8,41.4,62.31,45,51,45.5,45.5,45.87,43,51,48.84,51.45,,48,44.75,50.83,66,49.172474,48.42,8.0256146912,31,66
22941,Tampa Bay,Carolina,41,39,7,42.24,39,,53,42.2513,46.1,40.1,31.99,54.5,40,44,40,33.54,40,46,38.59,36.17,,42,39.15,39.42,36,41.265857895,40,5.7383603141,31.99,54.5
22941,Atlanta,Cincinnati,44.5,47.5,7,45.98,45,,55,45.37666,47.6,46.3,41,37,45,47.5,47,43.9,42,51,46.09,44.86,,47,47.13,44.59,44,45.59614,45.37666,3.6981429098,37,55
22941,Detroit,Dallas,48.5,49,7,48.9,48,,44,47.32856,47.4,47,60.2,32,51,47.5,49,42.35,43,44,45.34,46.33,,51,52.78,48.34,53,47.340450526,47.4,5.5985946997,32,60.2
22941,N.Y. Jets,Denver,38,37,7,38.57,37,,45,40.64952,45.5,33.5,29.8,33,39,41,38,32.31,41,35,39.84,35.4,,40,35.36,38.42,31,37.439448421,38.42,4.4145115047,29.8,45.5
22941,N.Y. Giants,Jacksonville,41.5,43.5,7,38.84,41,,40,39.34504,45.5,34.4,41.64,36,46,41.5,41.5,34.44,41,41,43.72,40.96,,41,36.19,41,39,40.133423158,41,3.2160676434,34.4,46
22941,Seattle,LA Chargers,52,50.5,7,51.16,52,,49,48.63888,48.2,58.1,52.73,44,50,49.5,50,49.14,46,45,46.47,50.34,,53,60.18,50.17,63,50.875204211,50,4.9563364711,44,63
22941,Houston,Las Vegas,43.5,46,7,45.55,44,,36,46.04574,47.6,43.1,47.34,46.5,47,46,45.5,35.22,41,48,42.24,42.58,,45,42.13,44,49,44.121354737,45,3.735584438,35.22,49
22941,Pittsburgh,Miami,45,44.5,7,43.95,42,51.53,42,43.73732,45.9,44.9,51.51,37.5,44,42.5,45,31.25,42,34,39.09,41.79,,44,42.03,44.08,51,42.938366,43.11866,5.1092957893,31.25,51.53
22942,Chicago,New England,38.5,40,7,41.81,38,,64,39.6133,43.9,45.7,30.43,31,41,38,39.5,38.78,39,48,39.84,37.88,,40,44.17,38.75,36,40.835436842,39.6133,7.0766014963,30.43,64
22941,Kansas City,San Francisco,47,48.5,7,47.27,45,50.4,53,46.5076,48.4,52.8,51.29,54,47,47.5,48,36.94,43,60,48.22,41.15,,46,43.95,44.92,45,47.61738,47.135,5.0682172536,36.94,60
22941,Indianapolis,Tennessee,41.5,41.5,7,41.28,40,38.29,29,39.2927,45,33.4,39.54,43,43,44,42.5,32.12,41,38,37.87,38.84,,44,38.92,40.07,39,39.281135,39.41635,4.0369819076,29,45
22941,Green Bay,Washington,42,41,7,40.65,38,37.65,34,41.52788,44.8,42.1,36.92,52.5,41,40.5,41,30.28,40,36,36.72,38.04,,42,36.95,38.92,34,39.127894,38.48,4.6057843483,30.28,52.5
22948,Carolina,Atlanta,42,41,8,44.39,42,41.42,39,42.3178,45.5,41.7,41.65,38,43,45,41.5,38.52,40,41,41.38,42.89,,43,41.23,43.35,40,41.76739,41.675,2.0291578315,38,45.5
22948,Green Bay,Buffalo,47,47,8,42.77,41,,41,44.91666,48.4,50.5,39.83,36.5,43,44.5,47.5,43.71,43,42,46.35,41.15,,45,44.09,40.99,41,43.142455789,43,3.1682198486,36.5,50.5
22949,Cincinnati,Cleveland,46.5,45,8,46.05,48,,36,45.16684,46.4,42.5,49.24,55,47,46.5,47,43.83,43,39,47.17,47.59,,47,42.6,47.07,51,45.795623158,46.5,4.1791242278,36,55
22948,Chicago,Dallas,41.5,42.5,8,39,33,30.85,43,39.05676,45.1,42.8,30.24,29.5,37,38,42.5,40.14,44,44,38.49,35.43,,41,40.35,35.43,25,37.569338,38.745,5.5250598784,25,45.1
22948,Miami,Detroit,51,51.5,8,50.78,52,61.56,53,49.76162,47,63,60.62,45.5,52,45,51.5,48.56,44,54,44.63,47.24,,50,48,50.62,67,51.713581,50.31,6.5394291082,44,67
22948,Tennessee,Houston,40.5,38.5,8,41.77,40,41.93,49,43.05654,45.1,38.2,41.58,51,44,41.5,40.5,37.33,44,49,38.26,39.93,,43,34.82,40.5,41,42.248827,41.675,4.0477152701,34.82,51
22948,Washington,Indianapolis,41,39.5,8,39.72,38,32.33,40,43.44448,45,44.7,32.65,31.5,41,40.5,39.5,43.7,40,40,36.13,36.51,,42,37.68,38.15,33,38.800724,39.86,4.1248341848,31.5,45
22948,Denver,Jacksonville,39,41,8,35.95,33,30.04,29,40.44776,46.8,27.9,30.07,38.5,39,38,39.5,39.38,39,37,37.95,34.53,,36,28.65,36.21,33,35.573566316,36.21,4.9148866889,27.9,46.8
22948,San Francisco,LA Rams,40.5,41.5,8,40.64,37,37.4,49,40.85932,47.6,36.8,38.07,44,42,41.5,43,40.59,40,39,39.17,36.29,,41,41.97,39.02,30,40.095466,40.295,4.0610023116,30,49
22948,Arizona,Minnesota,47.5,48,8,45.77,46,36.6,53,48.18216,48,50.7,37.13,47,43,47.5,49,43.67,44,52,44.72,44.97,,47,43.75,45.13,51,45.956108,45.885,4.2246188997,36.6,53
22948,New England,N.Y. Jets,42,40,8,45.54,43,37.81,38,43.51396,43.5,40.6,39.75,54,44,45,40.5,41.07,44,44,44.28,42.42,,44,49.59,42.64,39,43.285698,43.50698,3.7546412537,37.81,54
22948,Las Vegas,New Orleans,47,49.5,8,52.51,54,64.04,39,48.41014,48,41.4,64.45,39,53,51,50,51.83,43,48,49.76,52.53,,49,47.04,52.87,60,50.442007,50.38,7.0248069876,39,64.45
22948,Pittsburgh,Philadelphia,43,42.5,8,40.66,40,41.46,46,43.47166,47,52.7,41.1,31.5,42,43,43,38.87,42,46,42.22,38.52,,44,41.74,41.38,42,42.281083,42,4.0822499607,31.5,52.7
22948,N.Y. Giants,Seattle,46.5,44.5,8,46.29,47,49.27,49,41.7941,45.6,48.4,49.02,40.5,48,42,44.5,47.12,43,42,46.31,46.1,,46,47.68,46.36,52,46.172205,46.335,2.9777809079,40.5,52
22945,Baltimore,Tampa Bay,43,46,8,43.55,42,39.52,32,45.87454,47.1,46,38.99,37,43,44,46,42.12,41,48,43.31,38.8,,45,42.71,42.14,40,42.105727,42.425,3.748021908,32,48
22955,Seattle,Arizona,50,49,9,49.94,52,52.21,45,47.7969,47.7,59.8,52.11,47,47,47.5,48.5,43.69,44,46,47.48,48.7,,50,53.66,50.07,58,49.482845,48.24845,4.234454316,43.69,59.8
22955,LA Chargers,Atlanta,48.5,49.5,9,53.21,53,55.72,52,47.95734,48.2,64.5,56.44,48,51,55,49.5,47.24,44,47,47.05,52.16,,52,55.4,50.52,57,51.869867,52,4.721990035,44,64.5
22955,Miami,Chicago,44,45.5,9,43.76,44,47.61,27,40.18576,45.4,37.8,47.75,42,45,39.5,45,47.28,42,32,41.94,40.67,,44,42.57,44.13,45,41.979788,43.165,5.0880572049,27,47.75
22955,Carolina,Cincinnati,43,42.5,9,44.85,42,40.68,52,42.44716,44.9,48.2,40.99,31.5,43,44.5,42.5,42.93,41,44,42.98,42.4,,43,46.01,43.38,43,43.188358,43,3.7986206454,31.5,52
22955,Green Bay,Detroit,50,49.5,9,51.05,49,56.82,55,46.1487,46.9,56.5,57.13,54,49,47,49.5,47.32,44,57,42.85,46.96,,50,48.39,48.3,57,50.518435,49,4.6948875594,42.85,57.13
22952,Philadelphia,Houston,42.5,45.5,9,42.92,42,40.65,51,44.70948,47.2,39.3,39.87,54.5,43,42,45.5,42.7,41,47,44.15,40.9,,44,42.43,41.71,44,43.751974,42.81,3.7439798972,39.3,54.5
22955,Las Vegas,Jacksonville,47,48,9,44.93,45,47.45,35,45.22398,47.8,36.1,48.55,38,47,47.5,48,39.99,43,44,44.31,45,,45,40.97,44.7,52,44.076199,44.965,4.2537847005,35,52
22955,Tennessee,Kansas City,47,45,9,48.92,49,57.78,34,48.4219,48.2,46.8,57.57,42,51,49.5,46.5,36.91,43,57,48.76,44.41,,48,47.06,47.5,51,47.841595,48.31095,6.0090863511,34,57.78
22955,Buffalo,N.Y. Jets,47,46,9,44.76,42,37.75,45,46.24972,48.4,48.6,39.57,69.5,44,46,46.5,41.91,43,46,48.98,41.27,,46,46.25,42.44,38,45.283986,44.88,6.5704335318,37.75,69.5
22955,Indianapolis,New England,39.5,40.5,9,41.01,39,30.86,45,40.4367,43.5,40.7,32.06,40,41,41.5,39.5,44.34,39,48,39.41,37.53,,43,45.4,39.13,37,40.393835,40.56835,4.1351089004,30.86,48
22956,Baltimore,New Orleans,49,48,9,50.16,50,57.05,48,46.15828,46.2,40.4,56.98,40.5,50,45,48,48.77,43,44,48.88,50.08,,47,46.79,49.37,57,48.266914,48.385,4.7873752334,40.4,57.05
22955,LA Rams,Tampa Bay,42.5,42.5,9,40.23,36,30.71,32,42.56484,47,42.8,29.54,34,39,43,42.5,35.43,41,51,37.06,35.69,,43,41.02,38.21,30,38.462742,38.605,5.7182664886,29.54,51
22955,Minnesota,Washington,43.5,43.5,9,43.72,42,36.36,46,43.22666,45.2,40.6,36.5,51,43,44,43.5,36.23,42,40,42.57,42.86,,44,38.29,42.26,44,42.190833,42.715,3.5554513377,36.23,51
22962,Minnesota,Buffalo,46,46.5,10,44.54,43,38.78,48,42.77644,49.5,46.8,40.74,38.5,43,47.5,43.5,42.95,44,47,49.4,44.6,,46,43.84,43.25,48,44.608822,44.27,3.1710202121,38.5,49.5
22959,Atlanta,Carolina,43,41.5,10,48.29,47,50.52,47,42.71772,45.6,42.8,51.42,43.5,47,48,41.5,37.84,41,43,43.69,48.7,,45,45.16,47.16,48,45.669886,46.3,3.3051606931,37.84,51.42
22962,Detroit,Chicago,49,48.5,10,48.63,51,56.93,25,43.9898,46.4,38.1,56.77,42.5,52,45,48.5,41.4,43,37,43.89,47.88,,48,46.28,48.76,58,46.02649,46.34,7.6056214308,25,58
22962,Dallas,Green Bay,43,44,10,39.49,37,35.54,46,40.0985,46.1,44.5,36.43,60,41,42,43,40.51,41,38,40.68,37.11,,44,43.51,38.75,32,41.185925,40.595,5.7133046025,32,60
22962,Jacksonville,Kansas City,50,51,10,48.99,50,57.79,45,46.78876,48.3,52.8,57.64,34.5,51,51.5,50.5,46,45,54,50.05,48.27,,48,51.02,47.95,57,49.579938,49.495,5.2531951213,34.5,57.79
22962,Arizona,LA Rams,43,38.5,10,44.64,43,42.17,40,45.46742,46.1,44.4,41.69,46,43,44.5,41,41.1,42,46,39.88,40.48,,46,48.2,43.66,38,43.314371,43.33,2.6377480322,38,48.2
22962,Indianapolis,Las Vegas,42,41,10,44.44,41,39.73,31,43.88094,44.5,39.9,40.69,45,46,44,42,36.56,41,51,38.84,40.64,,45,41.23,41.5,38,41.695547,41.115,4.1386395088,31,51
22962,Cleveland,Miami,49,49.5,10,48.92,51,53.45,40,46.06176,46,41.2,53.07,46,49,45.5,49.5,42.92,43,38,47.19,50.47,,48,42.45,49.22,59,47.022588,46.62588,5.0588546131,38,59
22962,Houston,N.Y. Giants,38,41,10,37.98,39,37.16,42,40.65626,44.4,36.5,35.64,40,41,38.5,40.5,42.11,39,26,38.44,38.88,,40,35.79,39.75,38,38.540313,38.94,3.6689253728,26,44.4
22963,Washington,Philadelphia,44.5,43.5,10,41.78,42,41.79,49,43.71154,46,41.6,40.96,31,43,41,43.5,37.72,42,40,45.03,40.38,,44,40.13,42,41,41.705077,41.785,3.5029647417,31,49
22962,New Orleans,Pittsburgh,42,40,10,44.62,43,42.45,42,40.18044,45.5,33.9,43.04,46.5,44,43.5,40.5,45.33,40,36,39.6,43.57,,42,39.21,44.2,46,42.230022,43.02,3.2742937863,33.9,46.5
22962,LA Chargers,San Francisco,47,45,10,46.38,45,41.04,59,45.09036,47,50.5,42,41.5,44,48,45.5,46.61,43,52,44.44,42.44,,46,47.65,44.56,45,46.060518,45.04518,4.1503049752,41.04,59
22962,Seattle,Tampa Bay,44,45,10,44.84,43,42.01,38,45.989,48,54.8,42.19,43,43,44,44,44.08,42,51,44.27,40.07,,46,45.65,43.72,44,44.48095,44,3.6579888273,38,54.8
22962,Denver,Tennessee,38,39,10,34.33,32,28.23,31,41.39932,45.6,29.2,27.19,34,37,35,37,36.12,39,41,36,32.34,,37,23.77,35,30,34.258966,34.665,5.2799993455,23.77,45.6
22970,San Francisco,Arizona,44,43.5,11,44.03,45,,52,42.5543,47.1,43.7,42.08,45,,44.5,43.5,40.67,41,40,44.49,40.99,,45,43.15,44.46,42,43.762461111,43.865,2.7868905661,40,52
22969,Chicago,Atlanta,49,48.5,11,48.6,49,,43,40.78884,45,50.2,52.02,41.5,47,46.5,49,47.39,44,42,44.42,46.95,,46,44.85,47.3,46,45.922044211,46,2.9488662939,40.78884,52.02
22969,Carolina,Baltimore,45,41.5,11,47.65,46,,43,41.34564,45,46,49.73,35.5,47,44,41.5,43.94,41,47,45.63,45.78,,44,46.92,46.29,49,44.988717895,45.78,3.2358815438,35.5,49.73
22969,Cleveland,Buffalo,48,50,11,48.21,49,,44,39.7294,49.1,57.4,50.74,33.5,49,48,42.5,45.16,43,45,49.66,48.08,,48,42.74,47.55,55,46.993126316,48,5.2504503863,33.5,57.4
22969,Las Vegas,Denver,41.5,41,11,39.81,38,,30,46.87614,45.8,28.1,36.65,37.5,43,40,41,34.98,40,32,38.58,37.4,,40,33.49,39.39,38,37.872428421,38,4.7828643536,28.1,46.87614
22966,Tennessee,Green Bay,40.5,41,11,39.12,36,,49,41.274,44.8,35.1,36.11,45,42,40,41,32.48,41,47,38.45,36.68,,41,28.84,38.61,34,39.287578947,39.12,5.079311221,28.84,49
22969,Washington,Houston,40,41,11,40.86,39,,44,41.91264,44.6,32.7,37.19,41,41,38.5,40.5,34.86,40,38,37.48,38.24,,41,36.75,39.98,35,39.056454737,39,3.05058388,32.7,44.6
22969,Philadelphia,Indianapolis,44,45.5,11,42.59,40,,40,46.32744,45.4,43.6,40.94,47,43,42,44,41.97,42,39,43.02,38.4,,45,42.25,40.95,34,41.970917895,42,3.0319471864,34,47
22969,Kansas City,LA Chargers,50,52.5,11,54.03,55,,71,53.14478,48.8,61.3,56.26,60.5,51,55.5,51,40.84,44,67,49.91,49.45,,53,60.53,50.22,58,54.709725263,54.03,7.3546844944,40.84,71
22969,Dallas,Minnesota,48.5,48.5,11,46.9,44,,59,43.44332,46.4,46.9,44.47,61.5,43,49,47,43.86,43,42,47.16,44.29,,48,50.46,44,48,47.125437895,46.4,5.1832144358,42,61.5
22969,Detroit,N.Y. Giants,46.5,45,11,46.17,49,,37,44.86538,45.8,47.2,47.53,43,47,44.5,45.5,42.66,42,38,44.58,47.91,,47,43.18,46.84,54,45.170283158,45.8,3.8353986597,37,54
22969,N.Y. Jets,New England,39,38,11,43.76,39,,45,43.2032,43.8,39.4,38.07,30.5,42,42.5,38.5,35.81,39,44,43.99,40.27,,43,47.89,41.17,33,40.808589474,42,4.2763598775,30.5,47.89
22969,LA Rams,New Orleans,39,39,11,43.4,41,,35,44.0497,45.1,34.1,41.03,36,43,42,39,36.98,39,47,39.73,41.72,,43,41.82,42.79,36,40.669457895,41.72,3.6099697329,34.1,47
22969,Cincinnati,Pittsburgh,42,39.5,11,43.69,40,,35,42.7616,45.5,35,38.96,56.5,41,43.5,41,37.22,41,32,41.41,41.02,,44,45.02,42.23,44,41.569031579,41.41,5.1598287695,32,56.5
22976,LA Chargers,Arizona,48,49,12,50.67,52,49.03,58,48.7919,48,51.4,49.42,45.5,47,51.5,49,41.9,44,55,44.08,47.94,,51,55.59,48.62,56,49.772095,49.225,4.2529209271,41.9,58
22976,Denver,Carolina,34.5,36,12,36.34,33,29.97,35,39.54172,44,37.3,29.8,38,38,35.5,36,36.53,37,34,35.83,35.63,,36,29.07,36.95,29,35.323086,35.915,3.7389143463,29,44
22976,Tampa Bay,Cleveland,44,42.5,12,43.48,43,41.96,45,42.07504,46.2,34.2,42.11,49.5,44,45,42,43.02,41,47,42.41,42.68,,45,37.92,43.6,44,43.157752,43.25,3.1872215018,34.2,49.5
22973,N.Y. Giants,Dallas,43,45,12,43.57,40,38.01,44,40.77398,45.8,52.5,38.96,28.5,42,42,45,43.28,40,45,44.89,39.68,,43,44.69,41.35,39,41.850199,42,4.5285783656,28.5,52.5
22973,Buffalo,Detroit,53,54.5,12,51.66,53,52.66,60,50.81536,48,60.7,53.92,66.5,50,49,54.5,45.35,46,56,50.51,53.09,,51,51.22,49.35,65,53.188768,51.44,5.7791785283,45.35,66.5
22977,Pittsburgh,Indianapolis,38.5,39,12,38.23,36,33.55,45,43.41436,43.4,38.9,34.52,33,42,39.5,38.5,39.9,39,41,35.23,36.34,,42,38.66,38.56,35,38.660218,38.78,3.4684369152,33,45
22976,Baltimore,Jacksonville,46,42.5,12,42.56,43,45.19,51,42.53482,46.5,38.2,44.41,45.5,46,43,43.5,42.1,41,41,45.49,42.97,,43,38.77,43.4,50,43.781241,43,3.1754928538,38.2,51
22976,LA Rams,Kansas City,44,42,12,48.59,48,51.42,47,47.59312,46.6,45.4,50.2,31.5,47,48.5,42,38.88,42,45,45.79,46.79,,48,53.95,46.4,46,46.230656,46.895,4.6687290479,31.5,53.95
22976,Houston,Miami,45.5,47,12,43.43,45,45.38,41,44.41142,45.7,40.1,44.82,38,45,42.5,47,42.35,42,33,41.51,42.97,,44,42.18,44.1,52,42.972571,43.2,3.6390763679,33,52
22973,New England,Minnesota,43,42,12,43.92,41,36.64,47,45.4245,44.8,42.2,38.13,51.5,42,44.5,42,38.66,41,47,43.84,41.66,,44,45.28,42.1,39,42.982725,43.02,3.513959618,36.64,51.5
22976,Chicago,N.Y. Jets,43.5,38,12,45.32,42,43.91,45,39.6387,45.6,44.1,43.27,41,44,42.5,39,41.87,42,45,42.05,40.99,,44,41.07,42.65,34,42.498435,42.575,2.5938925099,34,45.6
22976,Green Bay,Philadelphia,44,46,12,44.06,42,44.33,49,42.4848,46.1,43,44.16,42,45,43.5,46,39.99,43,49,44.19,40.61,,46,41.49,42.53,41,43.67224,43.25,2.460366882,39.99,49
22976,New Orleans,San Francisco,45.5,43,12,43,43,41.73,35,40.56184,46.4,41.3,42.65,38.5,45,42,43,40.84,41,35,45.37,42.66,,42,37.49,43.91,42,41.470592,42,3.0451389008,35,46.4
22976,Las Vegas,Seattle,48,48,12,50.93,51,55,51,48.69032,47.7,33.8,54.68,38.5,50,47.5,48,40.52,43,41,46.84,48.78,,49,50.36,48.25,58,47.727516,48.73516,5.8667905289,33.8,58
22976,Cincinnati,Tennessee,42,42.5,12,44.4,43,42.96,39,42.0788,43.8,36.9,44.12,50.5,45,44.5,43.5,40.38,41,33,45.04,40.71,,45,40.71,42.9,41,42.29994,42.93,3.5845951791,33,50.5
22976,Atlanta,Washington,43,40.5,12,44.12,44,44.38,39,43.8703,45.6,46,43.72,41,45,44,41,37.52,40,40,42.94,43.58,,44,39.04,44.09,42,42.693015,43.79515,2.4230247114,37.52,46
22983,Pittsburgh,Atlanta,42.5,43,13,45.06,44,44.88,45,43.1299,45.3,44.5,45.32,39,46,45.5,42,44.09,41,37,40.97,44.7,,45,32.88,44.23,42,42.977995,44.365,3.3567205927,32.88,46
22983,Denver,Baltimore,38.5,40,13,36.88,35,35.99,36,42.81842,44.2,35.9,34.42,35.5,39,36.5,39,37.62,39,44,40.2,35.65,,39,35.63,38.77,36,37.903921,36.69,2.9487744806,34.42,44.2
22983,Green Bay,Chicago,42.5,45,13,47.6,45,47.87,34,35.61302,46.3,33.6,48.8,48,46,44,43.5,44.31,41,37,41.12,45.52,,44,30.19,44.75,43,42.383651,44.155,5.4507177303,30.19,48.8
22983,Kansas City,Cincinnati,52,53,13,52.44,53,56.23,72,50.9966,47.2,56.6,56.28,54.5,51,53,52.5,46.52,45,63,52.4,51.05,,50,56.1,49.31,57,53.68133,52.72,6.0195440472,45,72
22983,Indianapolis,Dallas,43,44.5,13,41.59,37,35.9,32,40.11288,45.2,37.4,36.75,31.5,41,41.5,44.5,40.34,41,36,41.64,37.09,,44,48.8,39.27,31,38.954644,39.69144,4.5514841915,31,48.8
22983,Jacksonville,Detroit,51,51.5,13,51.61,51,52.11,65,45.8994,47.8,58.7,52.29,44.5,50,48,51.5,49.24,45,54,46.13,50.62,,48,39.12,48.23,63,50.51247,49.62,6.1390763506,39.12,65
22983,Cleveland,Houston,45,46.5,13,45.83,45,46.83,44,43.82186,45.3,44.5,46.86,47.5,47,44,47,40.61,42,50,40.54,42.72,,44,31.22,44.68,50,44.320593,44.59,4.0170455,31.22,50
22983,Seattle,LA Rams,41.5,41,13,46.77,46,48.1,35,44.8476,46.3,54.9,48.4,48,46,43,41,42.53,40,46,42.72,44.87,,47,45.34,45.59,44,45.26838,45.795,3.8413639934,35,54.9
22983,LA Chargers,Las Vegas,49,49.5,13,52,53,52.83,67,50.56772,47.6,50.1,53.11,48.5,51,53,51,43.36,44,64,46,50.45,,51,48.23,48.86,63,51.880386,50.78386,6.2155614381,43.36,67
22983,N.Y. Jets,Minnesota,42,44,13,45.38,42,40.89,67,45.59588,46.2,41.9,41.14,37.5,43,47,44.5,40.43,42,40,44.29,43.18,,45,48.6,42.96,43,44.353294,43,5.9473550068,37.5,67
22983,Washington,N.Y. Giants,41,40.5,13,37.61,38,35.48,33,40.86272,43.9,33.9,34.5,41.5,41,37.5,40,43.2,40,26,40.65,38.32,,40,40.71,40.31,38,38.222136,39.16,4.122632512,26,43.9
22980,Buffalo,New England,44.5,43.5,13,43.59,43,38.2,44,46.54964,46.2,35.6,40.33,56.5,43,43,43.5,40.32,42,48,48.11,41.44,,44,50.82,43.14,41,43.939982,43.07,4.5974576551,35.6,56.5
22983,Tennessee,Philadelphia,44,44,13,42.6,42,43.22,53,45.16676,43.9,45.8,43.43,43,45,42.5,44.5,38.49,42,49,45.65,39.73,,45,48.73,42.4,41,44.080838,43.325,3.3393375742,38.49,53
22983,Miami,San Francisco,46,45.5,13,42.79,43,40.74,42,42.70642,46.6,53.8,41.61,39,44,41.5,46,44.09,42,40,46.95,40.66,,44,52.71,43.63,46,43.889321,42.895,3.8261520618,39,53.8
22984,New Orleans,Tampa Bay,40,40.5,13,39.17,38,34.44,36,42.65466,45.4,36.5,33.71,38,40,41,40.5,39.84,40,44,39.94,39.59,,42,33.66,40.36,35,38.963233,39.715,3.3138354585,33.66,45.4
22991,New England,Arizona,44,44,14,43.95,44,40.49,40,42.95178,45.4,43.8,41.22,49,45,43.5,44,39.25,42,48,42.8,43.02,,45,47.88,44.16,38,43.471089,43.65,2.8731765682,38,49
22990,N.Y. Jets,Buffalo,44.5,43,14,42.39,41,39.91,47,42.40554,46.2,49.8,40.32,27.5,43,44,43.5,42.85,42,37,47.3,41.13,,45,41.4,42.37,39,42.078777,42.38,4.5893426107,27.5,49.8
22990,Cleveland,Cincinnati,49,46,14,49.86,51,52.93,50,46.8544,46,48.8,53.11,40,49,49.5,47.5,45.06,43,49,48.36,49.29,,48,48.89,48.21,54,48.54322,48.945,3.3043093075,40,54
22990,Houston,Dallas,44.5,44,14,43.95,41,41.67,43,44.1023,46.6,46.2,42.15,26,43,43.5,44,41.56,42,39,43.3,40.96,,44,45.02,42.25,43,42.113115,43,4.1945814999,26,46.6
22990,Kansas City,Denver,41.5,44,14,40.03,39,39.21,49,43.94142,46.6,40.3,38.66,58.5,43,42,44,44.81,41,51,42.99,37.7,,42,36.83,41.25,39,42.841071,41.625,5.1981742902,36.83,58.5
22990,Minnesota,Detroit,53,51.5,14,55.09,54,54.28,58,48.37198,48.5,55.9,54.84,50.5,50,52,52.5,47.18,46,55,48.49,57.45,,51,50.97,50.3,66,52.693599,51.5,4.6524975617,46,66
22990,Miami,LA Chargers,53,54.5,14,50.14,52,50.75,56,50.23076,48.3,62.1,51.08,45.5,49,50.5,52,44.71,45,44,46.42,49.87,,49,53.49,48.71,60,50.340038,50.005,4.7403688139,44,62.1
22987,Las Vegas,LA Rams,43.5,43,14,45.93,45,45.66,41,44.87138,44.7,47.6,45.85,42,46,45.5,43,42.96,42,47,41.55,44.25,,46,45.21,44.54,43,44.531069,44.93569,1.8584645254,41,47.6
22990,Philadelphia,N.Y. Giants,45,44.5,14,44.9,45,44.46,37,43.68922,45,42.1,45.01,54,45,43,45,44.56,42,34,47.17,43.12,,45,41.1,44.21,46,43.815961,44.51,3.884258902,34,54
22990,Baltimore,Pittsburgh,37.5,36.5,14,42.65,41,41.85,43,41.2688,43.5,50,41.49,46,43,41,36.5,40.7,38,40,41.86,40.5,,43,39.68,42.13,41,42.08144,41.67,2.4996421214,38,50
22990,Tampa Bay,San Francisco,37,37,14,37.24,34,29.33,26,39.9542,45.6,23.7,29.38,43,38,38.5,37,39.38,43,45,41.92,33.33,,41,33.19,37.84,33,36.61821,37.92,6.2129928611,23.7,45.6
22990,Carolina,Seattle,44,45,14,48.34,48,51.23,52,43.37716,46.7,41.6,51.85,38,48,44.5,44,43.1,41,38,44.99,47.48,,47,48.68,46.58,49,45.971358,46.85,4.1176972511,38,52
22990,Jacksonville,Tennessee,41,41,14,41.01,40,38.77,43,43.42012,45.9,36.2,39.52,36,43,41,41,39.61,40,38,40.55,39.65,,42,32.32,41.21,43,40.208006,40.275,3.042409804,32.32,45.9
22996,Miami,Buffalo,47,44,15,45.8,48,,50,46.78984,48.4,65.3,48.32,34,47,45.5,43.5,41.85,42,47,49.36,46.58,,47,46.2,46.23,54,47.333149474,47,5.9006552572,34,65.3
22997,Pittsburgh,Carolina,38.5,37,15,39.64,39,,38,39.71952,42.6,33.5,38.97,37,43,41,37.5,44.06,39,40,38.86,38.57,,41,35.75,41.15,36,39.306290526,39,2.6071359892,33.5,44.06
22997,Philadelphia,Chicago,48.5,48.5,15,49.93,50,,33,42.10412,45.9,45.5,53.33,55,49,47,48.5,52.31,43,30,48.61,49.38,,47,49.82,47.57,48,46.65548,48,6.2252092977,30,55
22996,Baltimore,Cleveland,38.5,38,15,43.81,46,,46,42.18494,45.7,54,48.38,44,49,43.5,37,42.78,39,45,45.44,44.9,,46,36.64,45.15,48,45.025523158,45.15,3.6858346379,36.64,54
22997,Arizona,Denver,36.5,36.5,15,37.88,38,,19,41.95706,45.4,37,35.26,42.5,42,39.5,36,37.29,39,43,37.94,35.86,,41,32.2,40.65,35,37.91774,38,5.6177375656,19,45.4
22998,LA Rams,Green Bay,40,39,15,43.03,39,,40,40.32438,45.1,39.9,38.15,36,41,41.5,39.5,40.11,40,43,38.52,40.71,,42,40.36,41.5,38,40.431809474,40.32438,2.075279009,36,45.1
22997,Kansas City,Houston,47,48.5,15,48.93,48,,65,47.99682,48.2,53.5,50.68,62.5,48,48.5,49.5,40.31,43,64,45.09,47.29,,48,48.28,46.42,55,50.457727368,48.2,6.7649109281,40.31,65
22997,Dallas,Jacksonville,45.5,47.5,15,45.77,46,,45,44.26388,47.9,33.6,48.78,64,47,47.5,48,46.23,42,36,48.5,44.33,,46,49.93,45.27,50,46.214414737,46,6.0213117468,33.6,64
22997,Tennessee,LA Chargers,45.5,46.5,15,44.35,44,,41,44.677,46.4,38.8,41.01,45,46,46,47,39,43,44,41.69,41.94,,46,43.91,43.77,46,43.502473684,44,2.3482678337,38.8,46.4
22997,New England,Las Vegas,44.5,44.5,15,44.86,43,,49,43.68642,45.6,43.9,43.69,51.5,45,44,44,38.65,43,55,44.46,43.52,,44,45.36,43.69,44,45.048232632,44,3.4871764371,38.65,55
22996,Indianapolis,Minnesota,46.5,47.5,15,45.79,43,,47,43.53404,45.9,46.4,43.41,40,43,45.5,48,40.45,43,40,40.83,42.96,,46,45.16,43.53,42,43.550738947,43.41,2.2217853725,40,47
22997,Detroit,N.Y. Jets,47.5,43.5,15,47.84,48,,46,45.16568,48.2,40.3,47.11,47,47,46.5,44.5,43.68,43,49,46.13,48.55,,48,45.27,46.27,49,46.421877895,47,2.2238574052,40.3,49
22997,Atlanta,New Orleans,42,43.5,15,45.41,45,,36,43.46116,46,46.4,46.33,39.5,46,44,44,43.64,40,49,42.67,45.93,,45,36.59,44.69,44,43.664271579,44.69,3.3959403105,36,49
22994,San Francisco,Seattle,43.5,43.5,15,47.29,46,,55,44.26386,46.6,35.4,48.76,51.5,47,43,43.5,44.44,41,37,48.79,43.06,,46,48.8,45.77,49,45.719676842,46,4.6339750258,35.4,55
22997,Cincinnati,Tampa Bay,41.5,45.5,15,40.96,40,,35,42.67388,46.6,40.4,37.09,51.5,43,44.5,44,35.42,41,44,43.02,38.82,,45,42.52,41.46,43,41.892835789,42.52,3.8705211755,35,51.5
22997,N.Y. Giants,Washington,39.5,40.5,15,40.28,39,,37,40.72834,44.1,44,36.13,37,42,38.5,40,46.39,40,35,40.77,38.83,,41,36.24,41.38,37,39.755175789,40,3.039945542,35,46.39
23004,Tampa Bay,Arizona,41,41,16,44.45,42,40.23,29,42.84096,45.7,35.5,41.1,46.5,45,45.5,40,,40,45,39.68,40.58,,45,43.5,42.82,40,41.810576842,42.82,4.1682135275,29,46.5
23003,Atlanta,Baltimore,40.5,34,16,42.48,42,44.99,35,41.22,45.5,38.8,43.33,39,45,42.5,34,,39,45,43.48,40.89,,45,35.8,43.07,41,41.74,42.48,3.0823043328,35,45.5
23003,Detroit,Carolina,44,43.5,16,48.62,50,49.55,40,45.3054,47.8,40.1,49.68,45.5,47,47,44,,42,43,45.36,50.49,,47,44.16,47.25,52,46.411336842,47,3.416421188,40,52
23003,Buffalo,Chicago,42,40.5,16,46.66,47,46.61,34,40.1295,47.4,38.8,47.67,62.5,47,44.5,39.5,,41,38,46.97,48.35,,46,48.1,45.83,51,45.658921053,46.66,5.9397498457,34,62.5
23003,New Orleans,Cleveland,36,32,16,42.29,45,45.42,42,38.09198,44.6,41.2,44.49,41.5,46,42.5,32.5,,36,41,42.9,45.28,,44,34.08,44.28,47,42.506946316,42.9,3.3892274074,34.08,47
23003,Philadelphia,Dallas,50.5,47.5,16,53.06,50,51.45,41,45.96232,46.9,51.7,53.56,44,49,51,46,,43,42,53.93,45.37,,50,55.96,47.92,48,48.621701053,49,4.2790049986,41,55.96
23005,LA Chargers,Indianapolis,48.5,44.5,16,46.31,44,41.59,50,46.59254,47.2,45.1,42.37,44.5,44,46.5,45.5,,43,49,40.65,40.83,,47,51.2,44.07,43,45.10066,44.5,2.986739837,40.65,51.2
23003,Seattle,Kansas City,48,50.5,16,54.34,57,62.9,60,48.78594,48.8,55.9,62.03,41,54,53,49,,44,53,52,55.35,,53,60.73,51.64,65,54.340838947,54,6.2098518014,41,65
23004,Denver,LA Rams,35,36,16,33.54,31,27.37,34,37.6661,42.9,35.1,26.88,39,38,34,36.5,,37,37,34.81,31.9,,37,26.71,36.47,25,33.965584211,34.81,4.778492235,25,42.9
23004,Green Bay,Miami,47,50,16,48.44,47,49.15,48,45.8992,46.4,36.1,49.43,47.5,47,46,49,,43,36,44.66,46,,46,45.24,46.07,52,45.783642105,46.07,3.947994263,36,52
23003,N.Y. Giants,Minnesota,47.5,48,16,49.7,48,47.22,55,44.4202,45.8,53.5,48.3,39.5,47,47,48,,43,46,44.98,48.59,,46,43.4,46.39,54,47.252642105,47,3.8467275804,39.5,55
23001,Jacksonville,N.Y. Jets,41.5,36.5,16,43.88,42,42.18,51,41.70856,47.9,46.6,42.51,43,45,43.5,36.5,,39,46,43.75,41.49,,44,42.95,43.07,44,43.870450526,43.5,2.6355340911,39,51
23003,Cincinnati,New England,40,41.5,16,43.65,44,42.24,43,43.32366,46.3,40.9,43.22,50,45,45,41,,40,44,46.65,44.81,,44,49.83,43.78,39,44.142297895,44,2.7940125534,39,50
23003,Las Vegas,Pittsburgh,41,38,16,45.37,44,45.06,39,42.66666,43.7,44.5,45.49,42.5,47,45.5,38,,39,39,42.36,42.71,,45,42.74,44.11,46,43.458245263,44,2.3713021488,39,47
23003,Washington,San Francisco,40,37.5,16,36.72,35,31.65,34,40.4677,44.8,33.1,31.45,32,39,36,37,,39,33,43.11,34.41,,39,30.17,38.89,33,36.040405263,35,4.1321498586,30.17,44.8
23003,Houston,Tennessee,40,35,16,38.71,37,35.85,31,39.5256,45,35.9,35.36,34.5,41,38.5,35,,39,33,37.06,37.45,,41,31.49,40.25,40,37.4524,37.45,3.5060654263,31,45
23011,Arizona,Atlanta,40,40.5,17,46.09,47,48.09,39,46.5675,43.7,52,47.47,44,47,47.5,42,38,40,47,41.9,43.23,,47,42.74,45.47,44,44.887875,45.78,3.418634045,38,52
23011,Pittsburgh,Baltimore,36,35,17,34.48,36,35.6,28,40.94092,41.2,29.9,34.27,36.5,41,36.5,34.5,35.08,40,41,40,35.33,,41,31.91,39.2,36,36.695546,36.25,3.8676370161,28,41.2
23012,Buffalo,Cincinnati,49,49,17,47.69,48,48.06,41,48.1707,46.3,41.3,49.5,56.5,48,48.5,49,44.89,44,48,51.3,47.26,,48,51.37,46,49,47.642035,48,3.4225464486,41,56.5
23011,Chicago,Detroit,51,52.5,17,53.44,53,53.33,57,47.25088,48.8,57.6,53.3,39.5,49,48,52,47.22,44,52,45.5,53.8,,48,52.56,49.63,60,50.646544,50.815,4.912758245,39.5,60
23011,Minnesota,Green Bay,46,48,17,50.98,48,47.99,49,43.1125,46,45.4,48.78,45.5,47,49.5,48,41.07,42,47,45.3,50.1,,47,44.5,46.6,55,46.991625,47,3.2055466193,41.07,55
23011,Jacksonville,Houston,44,43,17,44.17,42,42.42,51,44.48144,47.4,42.4,42.97,46.5,44,43.5,43,38.91,42,47,41.1,41.74,,43,42.09,43.2,51,44.044072,43.1,3.1129013176,38.91,51
23011,Denver,Kansas City,43.5,45,17,43.35,43,44.45,42,42.28694,46.3,39.1,44.59,30.5,45,44.5,45,36.89,41,38,44.25,40.26,,44,43.97,43.53,43,41.998847,43.175,3.6450356144,30.5,46.3
23011,LA Rams,LA Chargers,41,41,17,43.79,43,40.26,33,43.37338,45.8,35.4,40.16,38.5,43,45,42,41.04,40,45,41.4,41.95,,45,45.17,43,38,41.592169,42.475,3.4086573227,33,45.8
23011,San Francisco,Las Vegas,43.5,41,17,44.25,43,43.34,53,44.8806,45,39.2,44.43,53.5,45,43.5,42,38.4,41,51,46.9,42.01,,44,39.86,43.43,46,44.58503,44.125,4.073972937,38.4,53.5
23011,Indianapolis,N.Y. Giants,39,38,17,41.2,40,38.78,25,40.54972,45.9,44,39.21,41,42,39.5,38.5,44.73,40,37,38.7,36.94,,43,41.27,41.83,38,39.930486,40.27486,4.2624822775,25,45.9
23011,Miami,New England,43.5,40.5,17,44.32,45,45.03,50,44.47108,46.7,48.6,45.71,39,46,43,41.5,37.51,41,48,44.9,45.78,,44,47.17,44.8,44,44.749554,44.95,2.9939420624,37.51,50
23011,New Orleans,Philadelphia,44,42,17,46.41,47,48.41,49,41.06032,45.6,43.7,48.32,38,47,46,42,36.74,41,43,48.15,46.25,,47,42.73,46.04,43,44.720516,46.02,3.4686153189,36.74,49
23011,N.Y. Jets,Seattle,44,43.5,17,43.41,43,43.29,44,43.19374,46.5,38.7,42.24,37,45,41.5,42.5,37.84,42,36,43.2,41.5,,46,41.57,43.66,44,42.180187,43.09687,2.8359679317,36,46.5
23011,Carolina,Tampa Bay,40,40.5,17,40.23,39,37.39,36,39.70826,44.8,42.7,38.11,36,43,42,40,38.68,40,47,39.7,37.97,,42,36,40.66,35,39.797413,39.70413,3.1323463744,35,47
23008,Dallas,Tennessee,43.5,40,17,45.27,44,42.75,23,40.82928,45.8,39.2,44.36,60.5,45,45,40,42.75,42,31,45.9,41.69,,45,44.58,43.94,42,42.728464,43.97,6.9259276002,23,60.5
23011,Cleveland,Washington,40.5,40.5,17,41.23,41,40.67,38,43.34118,43.4,39.7,39.91,43.5,43,40,40.5,35.74,40,40,41.15,41.36,,42,33.45,42.14,40,40.479559,40.835,2.5051068588,33.45,43.5
23018,Tampa Bay,Atlanta,38.5,40.5,18,42.42,40,39.74,46,42.70178,43.2,34.7,39.92,48.5,43,44.5,40.5,40.84,40,44,40.3,37.85,,44,36.67,41.5,42,41.592089,41.75,3.1881529671,34.7,48.5
23018,New England,Buffalo,42.5,43.5,18,40.43,42,40.98,47,43.81656,45.4,47.2,42.01,39,44,42.5,43.5,39.41,41,44,47.71,44.36,,44,46.96,43.17,38,43.147328,43.49328,2.8393879941,38,47.71
23018,Minnesota,Chicago,45,43,18,51.87,51,51.24,49,44.60936,47.1,42.9,52.66,49.5,48,49,42.5,41.66,42,38,43.91,52.33,,47,49.22,48.62,56,47.780968,48.81,4.4505614032,38,56
23018,Baltimore,Cincinnati,42,39.5,18,38.57,42,44.05,47,44.59334,43.1,42.4,43.29,39.5,45,42.5,40,41.15,41,43,45.93,40.4,,45,41.4,42.67,42,42.727667,42.585,2.1296556072,38.57,47
23018,LA Chargers,Denver,41,39.5,18,38.23,39,35.55,40,44.67158,45.6,31.6,36.08,47.5,41,41,39.5,35.8,39,37,39.74,37.28,,42,35.33,40.72,38,39.255079,39,3.8087891001,31.6,47.5
23018,Detroit,Green Bay,48,49,18,50.81,51,50.54,41,47.70506,48.3,49.2,50.78,46,47,49.5,49,44.95,43,44,47.61,52.43,,48,48.78,48.41,59,48.400753,48.355,3.8222825246,41,59
23018,Houston,Indianapolis,39,38,18,40.4,38,36.45,38,41.8887,46.6,36.9,37.27,36,43,39.5,38,39.04,39,41,34.86,36.43,,42,40.26,40.6,37,39.209935,39.02,2.8398687294,34.86,46.6
23017,Tennessee,Jacksonville,38.5,40,18,39.43,40,39.98,39,42.64282,44.6,36.3,40.33,42.5,43,41.5,40,36.94,39,44,41.94,39.27,,42,34.72,41.85,46,40.750141,40.915,2.8235426344,34.72,46
23017,Kansas City,Las Vegas,52,52.5,18,54.94,54,58.84,78,51.22904,,66.5,58.38,60,51,55,52.5,42.46,43,68,50.42,52.63,,51,53.83,49.69,60,55.732581053,54,8.50116598,42.46,78
23018,N.Y. Jets,Miami,41.5,37,18,40.66,42,41.81,22,42.98838,46.4,35,41.08,35.5,43,41,37,35.43,41,31,42.41,40.41,,44,38.5,42.94,41,39.406419,41,5.4662911845,22,46.4
23018,Carolina,New Orleans,39.5,42,18,42.61,42,41.73,50,41.44732,44.3,48.2,41.36,37,44,41,42,42.75,39,44,41.66,41.17,,42,33.11,42.56,37,41.844866,41.865,3.6786827163,33.11,50
23018,N.Y. Giants,Philadelphia,40.5,43,18,47.4,47,48.42,53,43.52624,46.4,52.1,48.97,36,47,46,43,42.36,40,44,48.41,45.05,,46,48.45,46.29,48,46.218812,46.7,3.840339998,36,53
23018,Cleveland,Pittsburgh,39.5,40.5,18,38.99,39,39.4,37,43.80072,42.1,42.1,38.69,44,43,39.5,40.5,35.21,40,42,40.11,39.39,,42,31.01,41,37,39.765036,39.75,3.1005594647,31.01,44
23018,Arizona,San Francisco,40,39.5,18,44.4,44,43.48,33,43.81602,43.4,45.4,44.14,36,45,44,39.5,34.26,40,43,45.36,42.67,,45,43.38,44.19,46,42.524801,43.90801,3.7429667859,33,46
23018,LA Rams,Seattle,41.5,41.5,18,46.01,45,44.85,34,42.32326,45,34.9,44.72,39,45,42.5,41.5,41.58,41,44,42.55,42.19,,46,47.16,44.66,43,42.772163,43.5,3.4538840307,34,47.16
23018,Dallas,Washington,42,40,18,45.65,44,42.44,38,42.03426,44.5,38.5,43.66,62.5,43,44.5,41,39.95,40,34,46.16,42.82,,45,47.63,44.03,40,43.418713,43.33,5.5299007425,34,62.5
23025,Miami,Buffalo,44.5,43.5,19,47.04,48,50.29,50,49.5432,46.5,63.7,50.94,33.5,48,46,43.5,40.44,42,42,49.53,48.68,,49,45.86,46.57,44,47.07966,47.52,5.7253896761,33.5,63.7
23025,Baltimore,Cincinnati,43.5,40,19,41.66,43,44.29,47,44.3793,43,43.2,43.64,38.5,45,42.5,40.5,39.73,41,46,45.72,40.99,,44,41.96,42.68,42,43.012465,43,2.1104260104,38.5,47
23024,LA Chargers,Jacksonville,46.5,47,19,45.97,46,46.02,50,47.95546,46.6,43.4,46.35,46.5,47,48,47.5,39.82,43,38,45.76,45.76,,47,47.01,44.97,46,45.555773,46.01,2.7411049564,38,50
23025,N.Y. Giants,Minnesota,48,48,19,49.4,48,48.15,53,44.15408,45.6,51.7,49.04,41,47,47.5,48,45.37,43,53,45.5,47.83,,47,44.84,46.68,51,47.438204,47.25,3.1719718733,41,53
23022,Seattle,San Francisco,44,42.5,19,46.16,46,46.32,57,43.76336,43.7,52.2,47.13,39.5,47,42.5,42.5,37.75,41,42,48.5,43.91,,46,45.2,45.15,45,45.289168,45.175,4.2213424894,37.75,57
23026,Dallas,Tampa Bay,44.5,45,19,46.15,43,42.57,33,42.7994,44.8,43.2,44.63,57.5,,47.5,45.5,41.08,42,49,45.1,42.76,,48,46.89,43.53,42,44.500494737,43.53,4.6569740755,33,57.5
23032,Cincinnati,Buffalo,50,49,20,50.32,49,51.18,50,48.37044,45.8,57.2,53.04,46,,49.5,48.5,40.85,44,45,,47.57,,51,50.48,46.68,50,48.666135556,49.25,3.6860353912,40.85,57.2
23032,Jacksonville,Kansas City,52,51.5,20,51.98,51,52.99,55,49.01378,47.9,45.6,52.98,38.5,,51,52.5,39.08,45,33,,50.19,,51,55.01,48.08,57,48.573543333,50.595,6.3300242296,33,57
23031,N.Y. Giants,Philadelphia,47.5,48,20,47.04,47,47.98,47,44.41496,47.4,49.4,48.21,36,,45,48.5,41.27,44,50,,43.77,,47,49.19,46.12,48,46.044164444,47,3.3555892166,36,50
23032,Dallas,San Francisco,46,47,20,50.09,47,46.05,47,41.6177,44.5,44.6,49.1,54,,47.5,45.5,40.18,42,44,,44.52,,48,47.82,45.7,46,46.093205556,46.025,3.265812054,40.18,54
23039,Cincinnati,Kansas City,49,48,21,49.73,52,53.82,,47.98826,48.9,45.6,53.11,49.5,,57,47.5,37.94,43,,52.06,49.45,,54,55.65,48.05,55,50.164603529,49.73,4.8570734138,37.94,57
23035,San Francisco,Philadelphia,46,46,21,46.81,47,46.16,,41.8731,45.5,41.4,48.05,48.5,,46.5,46,41.02,42,,52.32,41.5,,47,46.95,45.69,43,45.369005882,46.16,3.1229822767,41.02,52.32
23053,Kansas City,Philadelphia,51,51,23,52.88,53,54.18,,49.03926,49.4,40.8,53.72,54,,53.5,51,38.37,44,,53.83,49.12,,55,58.03,48.92,49,50.399368235,52.88,5.2345863409,38.37,58.03
